research_year,model,trades,net_points,expectancy_points,profit_factor,max_drawdown_points
2023,tp100_control,344,1003.00,2.9157,1.1749,545.50
2023,p50_runner,344,972.25,2.8263,1.1869,417.62
2023,p50_be_runner,352,998.25,2.8359,1.1873,478.62
2024,tp100_control,388,66.25,0.1707,1.0095,1091.75
2024,p50_runner,388,-38.38,-0.0989,0.9939,989.50
2024,p50_be_runner,389,2.00,0.0051,1.0003,965.25
2025,tp100_control,486,1103.25,2.2701,1.1220,758.50
2025,p50_runner,486,603.00,1.2407407407,1.0758085300,651.25
2025,p50_be_runner,486,637.00,1.3106995885,1.0800829745,608.50
