segment,value,trades,win_rate,expectancy_points,expectancy_r,profit_factor,net_points,tp1_hit_rate,tp2_hit_rate,tp3_hit_rate,tp4_hit_rate,stop_rate,average_mfe,median_mfe,average_mae,median_mae,average_score,median_score,average_hold_minutes,year,setup_family,direction,timeframe
headline_context,aligned,803,0.27895392278953923,1.8577210460772104,0.0740946191211853,1.1041724860335196,1491.75,0.48443337484433374,0.3287671232876712,0.21170610211706103,0.149439601494396,0.7048567870485679,39.796699875467,24.0,27.015255292652554,27.5,75.77216236314872,74.0,18.34246575342466,,,,
headline_context,conflicting,415,0.2746987951807229,1.6403614457831326,0.0657298950100576,1.0918597982660325,680.75,0.4457831325301205,0.3253012048192771,0.23132530120481928,0.13975903614457832,0.7060240963855422,38.8355421686747,19.75,27.16987951807229,27.25,75.75230941404631,74.17290825680178,18.61686746987952,,,,
headline_context,neutral,0,,,,,,,,,,,,,,,,,,,,,
headline_context,unknown,0,,,,,,,,,,,,,,,,,,,,,
intraday_relation,aligned,1119,0.28239499553172476,2.1586237712243075,0.08670437453735051,1.12162638469285,2415.5,0.4709562109025916,0.3315460232350313,0.21894548704200179,0.14745308310991956,0.7015192135835567,39.39901697944593,22.5,26.991510277033065,27.5,75.86932598169587,74.0,18.48704200178731,,,,
intraday_relation,opposed,0,,,,,,,,,,,,,,,,,,,,,
intraday_relation,neutral,99,0.2222222222222222,-2.4545454545454546,-0.10349807599807591,0.8701055726312976,-243.0,0.47474747474747475,0.2828282828282828,0.21212121212121213,0.13131313131313133,0.7474747474747475,40.26262626262626,29.0,27.931818181818183,27.0,74.59069707999971,73.83892736447078,17.858585858585858,,,,
intraday_relation,unknown,0,,,,,,,,,,,,,,,,,,,,,
year_htf_context,aligned,203,0.33004926108374383,2.231527093596059,0.09044679068553899,1.1337269372693728,453.0,0.5270935960591133,0.35467980295566504,0.1921182266009852,0.11330049261083744,0.6600985221674877,39.467980295566505,29.0,24.20566502463054,26.5,75.57031070358983,73.79118030143275,23.945812807881772,2023,,,
year_htf_context,conflicting,141,0.3120567375886525,3.900709219858156,0.1558096585460476,1.2342917997870075,550.0,0.49645390070921985,0.3333333333333333,0.24113475177304963,0.1276595744680851,0.6595744680851063,40.10283687943262,23.5,24.838652482269502,26.75,75.8856327051362,74.41566826289487,23.375886524822697,2023,,,
year_htf_context,neutral,0,,,,,,,,,,,,,,,,,,2023,,,
year_htf_context,unknown,0,,,,,,,,,,,,,,,,,,2023,,,
year_htf_context,aligned,265,0.26037735849056604,-0.8122641509433962,-0.03130715004886534,0.9554255539449161,-215.25,0.44150943396226416,0.2981132075471698,0.2,0.12830188679245283,0.7169811320754716,36.508490566037736,21.0,26.000943396226415,27.0,75.88530462218117,74.0,19.652830188679246,2024,,,
year_htf_context,conflicting,123,0.3008130081300813,2.2886178861788617,0.0908980681598529,1.1324394260174078,281.5,0.44715447154471544,0.3333333333333333,0.22764227642276422,0.12195121951219512,0.6829268292682927,37.88821138211382,19.25,25.211382113821138,26.75,75.68191061179083,74.0,21.75609756097561,2024,,,
year_htf_context,neutral,0,,,,,,,,,,,,,,,,,,2024,,,
year_htf_context,unknown,0,,,,,,,,,,,,,,,,,,2024,,,
year_htf_context,aligned,335,0.2626865671641791,3.743283582089552,0.147563210173423,1.205455885967068,1254.0,0.4925373134328358,0.3373134328358209,0.23283582089552238,0.1880597014925373,0.7223880597014926,42.59701492537314,26.75,29.520149253731343,28.5,75.80497785045276,74.0,13.91044776119403,2025,,,
year_htf_context,conflicting,151,0.2185430463576159,-0.9983443708609272,-0.038885548407157,0.9486852182792954,-150.75,0.3973509933774834,0.31125827814569534,0.2251655629139073,0.16556291390728478,0.7682119205298014,38.42384105960265,19.0,30.942052980132452,30.0,75.68516019970026,74.05752536356674,11.6158940397351,2025,,,
year_htf_context,neutral,0,,,,,,,,,,,,,,,,,,2025,,,
year_htf_context,unknown,0,,,,,,,,,,,,,,,,,,2025,,,
family_htf_context,aligned,142,0.3028169014084507,5.35387323943662,0.2111770993771147,1.30649062688974,760.25,0.5140845070422535,0.33098591549295775,0.24647887323943662,0.20422535211267606,0.6901408450704225,42.88556338028169,28.5,26.389084507042252,27.0,73.50198494078666,71.97297656635588,16.591549295774648,,continuation,,
family_htf_context,conflicting,43,0.32558139534883723,7.813953488372093,0.31067824199674454,1.4668287599861063,336.0,0.5813953488372093,0.3953488372093023,0.27906976744186046,0.20930232558139536,0.6511627906976745,46.372093023255815,29.75,25.441860465116278,27.0,72.37277032558887,71.41642134081458,17.627906976744185,,continuation,,
family_htf_context,neutral,0,,,,,,,,,,,,,,,,,,,continuation,,
family_htf_context,unknown,0,,,,,,,,,,,,,,,,,,,continuation,,
family_htf_context,aligned,661,0.27382753403933435,1.1066565809379727,0.04464573531431391,1.0617847037459351,731.5,0.47806354009077157,0.32829046898638425,0.2042360060514372,0.13767019667170954,0.708018154311649,39.13313161875946,23.5,27.149773071104388,27.5,76.2598555461675,74.37637286408993,18.71860816944024,,reversal,,
family_htf_context,conflicting,372,0.26881720430107525,0.926747311827957,0.03741597318095133,1.051524435809296,344.75,0.43010752688172044,0.3172043010752688,0.22580645161290322,0.13172043010752688,0.7123655913978495,37.964381720430104,19.5,27.36962365591398,27.25,76.14295506136799,74.76015018362904,18.731182795698924,,reversal,,
family_htf_context,neutral,0,,,,,,,,,,,,,,,,,,,reversal,,
family_htf_context,unknown,0,,,,,,,,,,,,,,,,,,,reversal,,
direction_htf_context,aligned,424,0.30424528301886794,3.25,0.12975377594996537,1.1899183406263998,1378.0,0.49056603773584906,0.3443396226415094,0.21462264150943397,0.14386792452830188,0.6768867924528302,40.53242924528302,25.5,27.20931603773585,27.125,75.96492058527141,74.0,20.54245283018868,,,long,
direction_htf_context,conflicting,229,0.28820960698689957,2.3558951965065504,0.09552648259635765,1.1336388407233093,539.5,0.44541484716157204,0.33624454148471616,0.24017467248908297,0.12663755458515283,0.6943231441048034,38.48471615720524,19.75,27.473799126637555,27.5,76.38795668611664,75.14843182593424,19.694323144104803,,,long,
direction_htf_context,neutral,0,,,,,,,,,,,,,,,,,,,,long,
direction_htf_context,unknown,0,,,,,,,,,,,,,,,,,,,,long,
direction_htf_context,aligned,379,0.25065963060686014,0.300131926121372,0.011826855281072485,1.0161022047634214,113.75,0.47757255936675463,0.3113456464379947,0.20844327176781002,0.15567282321899736,0.7361477572559367,38.97361477572559,22.5,26.798153034300793,27.75,75.55651728087952,73.80097962201377,15.88126649076517,,,short,
direction_htf_context,conflicting,186,0.25806451612903225,0.7594086021505376,0.029044849003268865,1.0418673582808446,141.25,0.44623655913978494,0.3118279569892473,0.22043010752688172,0.15591397849462366,0.7204301075268817,39.26747311827957,19.75,26.795698924731184,27.0,74.96971142854034,73.52259537592971,17.29032258064516,,,short,
direction_htf_context,neutral,0,,,,,,,,,,,,,,,,,,,,short,
direction_htf_context,unknown,0,,,,,,,,,,,,,,,,,,,,short,
timeframe_relation,aligned,565,0.2991150442477876,2.2977876106194692,0.09025223752202204,1.1328914706860813,1298.25,0.47079646017699117,0.336283185840708,0.22123893805309736,0.13451327433628318,0.6831858407079646,39.3070796460177,22.75,26.70575221238938,27.0,75.77096738095044,74.0,20.065486725663717,,,,1d
timeframe_relation,opposed,580,0.25689655172413794,1.039655172413793,0.04237437438402405,1.0567235783829547,603.0,0.4603448275862069,0.3120689655172414,0.2103448275862069,0.15344827586206897,0.7241379310344828,39.140086206896555,21.625,27.486637931034483,27.5,75.66102149121525,73.91273665199111,16.779310344827586,,,,1d
timeframe_relation,neutral,65,0.26153846153846155,2.207692307692308,0.09378821908937396,1.1191118489313137,143.5,0.5692307692307692,0.38461538461538464,0.24615384615384617,0.16923076923076924,0.7384615384615385,43.66538461538462,32.0,26.453846153846154,27.5,76.3814223264691,75.8,19.369230769230768,,,,1d
timeframe_relation,unknown,8,0.375,15.96875,0.6387500000000002,2.011881188118812,127.75,0.5,0.375,0.375,0.25,0.625,40.6875,18.0,27.28125,31.5,77.9341622594122,76.5,15.875,,,,1d
timeframe_year_relation,aligned,163,0.3558282208588957,4.578220858895706,0.18270110372318846,1.289188141832978,746.25,0.5153374233128835,0.34355828220858897,0.2085889570552147,0.1165644171779141,0.6257668711656442,39.54754601226994,26.75,23.429447852760735,25.75,75.66301024571499,73.96835664109987,25.042944785276074,2023,,,1d
timeframe_year_relation,opposed,159,0.29559748427672955,1.929245283018868,0.07892817897658752,1.1115251772405017,306.75,0.48427672955974843,0.3333333333333333,0.2138364779874214,0.12578616352201258,0.6855345911949685,38.820754716981135,22.5,25.095911949685533,27.25,75.67137863906359,73.91341153616337,22.660377358490567,2023,,,1d
timeframe_year_relation,neutral,21,0.23809523809523808,-4.976190476190476,-0.19904761904761903,0.7413366336633663,-104.5,0.7142857142857143,0.42857142857142855,0.19047619047619047,0.09523809523809523,0.7619047619047619,46.166666666666664,48.75,27.773809523809526,27.5,76.37273383763252,76.0,19.666666666666668,2023,,,1d
timeframe_year_relation,unknown,1,1.0,54.5,2.18,inf,54.5,1.0,1.0,1.0,0.0,0.0,78.25,78.25,23.5,23.5,72.0,72.0,59.0,2023,,,1d
timeframe_year_relation,aligned,176,0.3181818181818182,2.1264204545454546,0.08472388359286359,1.1260419297802475,374.25,0.4659090909090909,0.3352272727272727,0.23295454545454544,0.11931818181818182,0.6647727272727273,38.32528409090909,22.25,25.866477272727273,27.0,75.50628990309032,74.0,22.90909090909091,2024,,,1d
timeframe_year_relation,opposed,186,0.24193548387096775,-1.1021505376344085,-0.04180612908937927,0.9407214631677872,-205.0,0.41397849462365593,0.27956989247311825,0.1827956989247312,0.13440860215053763,0.7311827956989247,35.43682795698925,19.25,25.559139784946236,27.0,75.80121278675574,73.98408490862388,17.881720430107528,2024,,,1d
timeframe_year_relation,neutral,22,0.22727272727272727,-0.09090909090909091,-0.009608903682130167,0.9953051643192489,-2.0,0.5454545454545454,0.4090909090909091,0.2727272727272727,0.13636363636363635,0.7727272727272727,43.54545454545455,41.25,25.147727272727273,28.125,78.17612867147817,76.07459480570202,23.136363636363637,2024,,,1d
timeframe_year_relation,unknown,4,0.0,-25.25,-1.01,0.0,-101.0,0.25,0.0,0.0,0.0,1.0,10.125,6.0,32.875,33.25,77.61832451882441,76.35710594315245,4.25,2024,,,1d
timeframe_year_relation,aligned,226,0.24336283185840707,0.786504424778761,0.027879782215569644,1.0421258442943477,177.75,0.4424778761061947,0.33185840707964603,0.22123893805309736,0.1592920353982301,0.7389380530973452,39.89823008849557,22.125,29.722345132743364,29.0,76.05495078425469,74.12876268178337,14.261061946902656,2025,,,1d
timeframe_year_relation,opposed,235,0.2425531914893617,2.132978723404255,0.08427019870672799,1.1133600949850173,501.25,0.4808510638297872,0.32340425531914896,0.2297872340425532,0.18723404255319148,0.7446808510638298,42.287234042553195,25.75,30.629787234042553,28.75,75.54305397003048,73.80097962201377,11.927659574468086,2025,,,1d
timeframe_year_relation,neutral,22,0.3181818181818182,11.363636363636363,0.4767104600825532,1.6671114076050702,250.0,0.45454545454545453,0.3181818181818182,0.2727272727272727,0.2727272727272727,0.6818181818181818,41.39772727272727,17.5,26.5,27.625,74.59500953898588,74.3463987274338,15.318181818181818,2025,,,1d
timeframe_year_relation,unknown,3,0.6666666666666666,58.083333333333336,2.3233333333333337,7.900990099009901,174.25,0.6666666666666666,0.6666666666666666,0.6666666666666666,0.6666666666666666,0.3333333333333333,68.91666666666667,101.5,21.083333333333332,24.0,80.33333333333333,82.0,17.0,2025,,,1d
timeframe_relation,aligned,641,0.29017160686427457,2.704758190327613,0.10889295042823044,1.1540768718062653,1733.75,0.46333853354134164,0.3494539781591264,0.21840873634945399,0.1482059282371295,0.6957878315132605,39.43213728549142,21.5,26.465288611544462,27.25,75.51243853596446,74.0,18.68798751950078,,,,4h
timeframe_relation,opposed,563,0.25932504440497334,0.3241563055062167,0.011945833674937793,1.0177593966670722,182.5,0.477797513321492,0.3019538188277087,0.21492007104795738,0.14031971580817051,0.7193605683836589,39.3556838365897,23.75,27.738898756660745,27.5,75.98712275133492,74.0,18.133214920071048,,,,4h
timeframe_relation,neutral,14,0.42857142857142855,18.303571428571427,0.7321428571428573,2.2685643564356437,256.25,0.5714285714285714,0.35714285714285715,0.35714285714285715,0.2857142857142857,0.5714285714285714,45.732142857142854,30.875,27.678571428571427,31.5,78.43082670591795,76.9294586894587,19.071428571428573,,,,4h
timeframe_relation,unknown,0,,,,,,,,,,,,,,,,,,,,,4h
timeframe_year_relation,aligned,191,0.31413612565445026,2.026178010471204,0.080726753070028,1.119159418058656,387.0,0.4712041884816754,0.3403141361256545,0.18848167539267016,0.11518324607329843,0.675392670157068,37.488219895287955,21.0,24.619109947643977,26.75,75.53222332517304,74.0,22.43455497382199,2023,,,4h
timeframe_year_relation,opposed,149,0.3221476510067114,3.2365771812080535,0.13128221830726022,1.1958773354995937,482.25,0.5637583892617449,0.348993288590604,0.2348993288590604,0.12080536912751678,0.6510067114093959,42.11744966442953,31.75,24.471476510067113,26.5,75.8412485260803,73.6,24.986577181208055,2023,,,4h
timeframe_year_relation,neutral,4,0.75,33.4375,1.3375000000000001,6.297029702970297,133.75,0.75,0.5,0.5,0.25,0.25,57.6875,63.75,16.875,13.625,78.41164968973189,76.82329937946378,37.25,2023,,,4h
timeframe_year_relation,unknown,0,,,,,,,,,,,,,,,,,,2023,,,4h
timeframe_year_relation,aligned,192,0.3177083333333333,3.6158854166666665,0.14755247757429948,1.2126991421568627,694.25,0.4635416666666667,0.3541666666666667,0.234375,0.140625,0.671875,39.501302083333336,21.875,24.43359375,26.75,75.3740755725076,74.0,21.677083333333332,2024,,,4h
timeframe_year_relation,opposed,192,0.234375,-2.7447916666666665,-0.11148962538308817,0.853182894553559,-527.0,0.4270833333333333,0.2708333333333333,0.1875,0.11458333333333333,0.734375,34.94921875,19.625,26.919270833333332,27.25,76.23012980276836,74.0,19.296875,2024,,,4h
timeframe_year_relation,neutral,4,0.0,-25.25,-1.01,0.0,-101.0,0.25,0.0,0.0,0.0,1.0,10.125,6.0,32.875,33.25,77.61832451882441,76.35710594315245,4.25,2024,,,4h
timeframe_year_relation,unknown,0,,,,,,,,,,,,,,,,,,2024,,,4h
timeframe_year_relation,aligned,258,0.25193798449612403,2.5290697674418605,0.10097478951106528,1.1376364499288087,652.5,0.4573643410852713,0.35271317829457366,0.22868217054263565,0.17829457364341086,0.7286821705426356,40.81976744186046,22.0,29.343992248062015,29.25,75.60075944389037,73.89826669027626,13.689922480620154,2025,,,4h
timeframe_year_relation,opposed,222,0.23873873873873874,1.0236486486486487,0.03860568425568081,1.0537901650985266,227.25,0.46396396396396394,0.2972972972972973,0.22522522522522523,0.17567567567567569,0.7522522522522522,41.31306306306306,25.125,30.640765765765767,28.5,75.87486106524358,74.0,12.527027027027026,2025,,,4h
timeframe_year_relation,neutral,6,0.5,37.25,1.4900000000000002,3.9504950495049505,223.5,0.6666666666666666,0.5,0.5,0.5,0.5,61.5,68.25,31.416666666666668,28.375,78.98527950810437,78.4558385243131,16.833333333333332,2025,,,4h
timeframe_year_relation,unknown,0,,,,,,,,,,,,,,,,,,2025,,,4h
timeframe_relation,aligned,1169,0.281437125748503,1.9918733960650128,0.08001898640487189,1.1122479723296816,2328.5,0.4696321642429427,0.33105218135158254,0.22070145423438836,0.14627887082976904,0.7014542343883661,39.467493584260055,22.25,26.956159110350725,27.25,75.81168253785468,74.0,18.59623609923011,,,,1h
timeframe_relation,opposed,49,0.1836734693877551,-3.183673469387755,-0.1380879494655004,0.8418651799290421,-156.0,0.5102040816326531,0.24489795918367346,0.16326530612244897,0.14285714285714285,0.7959183673469388,39.51020408163265,31.75,29.73469387755102,27.5,74.6611815854189,73.83892736447078,14.612244897959183,,,,1h
timeframe_relation,neutral,0,,,,,,,,,,,,,,,,,,,,,1h
timeframe_relation,unknown,0,,,,,,,,,,,,,,,,,,,,,1h
timeframe_year_relation,aligned,327,0.327217125382263,2.920489296636086,0.1179564682754186,1.1765004851453125,955.0,0.5076452599388379,0.3516819571865443,0.21406727828746178,0.1162079510703364,0.654434250764526,39.50993883792049,26.0,24.152905198776757,26.5,75.72069150553723,73.96253033178772,24.085626911314986,2023,,,1h
timeframe_year_relation,opposed,17,0.23529411764705882,2.823529411764706,0.10341736694677878,1.1480339244410178,48.0,0.6470588235294118,0.23529411764705882,0.17647058823529413,0.17647058823529413,0.7647058823529411,43.9264705882353,39.75,30.470588235294116,29.25,75.29300952601555,74.41566826289487,16.529411764705884,2023,,,1h
timeframe_year_relation,neutral,0,,,,,,,,,,,,,,,,,,2023,,,1h
timeframe_year_relation,unknown,0,,,,,,,,,,,,,,,,,,2023,,,1h
timeframe_year_relation,aligned,372,0.2768817204301075,0.3541666666666667,0.015231108555422949,1.0198710455865163,131.75,0.4435483870967742,0.3118279569892473,0.20967741935483872,0.12634408602150538,0.7016129032258065,36.973118279569896,21.0,25.6747311827957,27.0,75.86081380471397,74.0,20.631720430107528,2024,,,1h
timeframe_year_relation,opposed,16,0.1875,-4.09375,-0.1738690476190476,0.7979953739398612,-65.5,0.4375,0.25,0.1875,0.125,0.8125,36.3125,14.625,27.515625,27.125,74.89112467341783,73.91946368223539,13.0625,2024,,,1h
timeframe_year_relation,neutral,0,,,,,,,,,,,,,,,,,,2024,,,1h
timeframe_year_relation,unknown,0,,,,,,,,,,,,,,,,,,2024,,,1h
timeframe_year_relation,aligned,470,0.2531914893617021,2.6420212765957447,0.10490310127365106,1.1426765863326918,1241.75,0.46382978723404256,0.33191489361702126,0.23404255319148937,0.1829787234042553,0.7340425531914894,41.412234042553195,22.75,29.920744680851065,29.0,75.83610218954858,74.0,13.16595744680851,2025,,,1h
timeframe_year_relation,opposed,16,0.125,-8.65625,-0.35890625,0.5902366863905325,-138.5,0.4375,0.25,0.125,0.125,0.8125,38.015625,32.75,31.171875,26.875,73.75992131053601,73.29485179780343,14.125,2025,,,1h
timeframe_year_relation,neutral,0,,,,,,,,,,,,,,,,,,2025,,,1h
timeframe_year_relation,unknown,0,,,,,,,,,,,,,,,,,,2025,,,1h
timeframe_relation,aligned,1103,0.2728921124206709,1.258386219401632,0.05025609234699092,1.069954388529093,1388.0,0.46872166817769717,0.3209428830462375,0.20761559383499548,0.1441523118766999,0.7107887579329103,38.829102447869445,22.25,27.298050770625565,27.5,75.83805166199966,74.0,18.097008159564822,,,,30m
timeframe_relation,opposed,115,0.3217391304347826,6.821739130434783,0.2725514410848234,1.4152441445017865,784.5,0.4956521739130435,0.391304347826087,0.3217391304347826,0.16521739130434782,0.6521739130434783,45.608695652173914,28.25,24.860869565217392,26.75,75.06855479349571,74.0,21.68695652173913,,,,30m
timeframe_relation,neutral,0,,,,,,,,,,,,,,,,,,,,,30m
timeframe_relation,unknown,0,,,,,,,,,,,,,,,,,,,,,30m
timeframe_year_relation,aligned,301,0.3122923588039867,1.510797342192691,0.06152601739980257,1.089018302828619,454.75,0.5182724252491694,0.3388704318936877,0.19601328903654486,0.10963455149501661,0.6710963455149501,38.98421926910299,27.5,24.725083056478404,26.75,75.77912189114755,73.96253033178772,23.33887043189369,2023,,,30m
timeframe_year_relation,opposed,43,0.3953488372093023,12.75,0.5072216076003847,1.875099760574621,548.25,0.4883720930232558,0.3953488372093023,0.32558139534883723,0.18604651162790697,0.5813953488372093,44.93604651162791,23.5,22.6453488372093,26.25,75.14259523296577,74.0,26.325581395348838,2023,,,30m
timeframe_year_relation,neutral,0,,,,,,,,,,,,,,,,,,2023,,,30m
timeframe_year_relation,unknown,0,,,,,,,,,,,,,,,,,,2023,,,30m
timeframe_year_relation,aligned,352,0.26704545454545453,-0.25142045454545453,-0.00962732663984537,0.9861143798540833,-88.5,0.4403409090909091,0.3039772727272727,0.20170454545454544,0.1278409090909091,0.7130681818181818,36.4765625,19.875,25.977982954545453,27.0,75.83833086336243,74.0,19.59375,2024,,,30m
timeframe_year_relation,opposed,36,0.3333333333333333,4.298611111111111,0.1742468499427263,1.2663511187607572,154.75,0.4722222222222222,0.3611111111111111,0.2777777777777778,0.1111111111111111,0.6388888888888888,41.53472222222222,22.0,23.52777777777778,26.875,75.64967406179747,74.91472999184202,27.416666666666668,2024,,,30m
timeframe_year_relation,neutral,0,,,,,,,,,,,,,,,,,,2024,,,30m
timeframe_year_relation,unknown,0,,,,,,,,,,,,,,,,,,2024,,,30m
timeframe_year_relation,aligned,450,0.2511111111111111,2.2705555555555557,0.08955990577470221,1.1222262097015372,1021.75,0.4577777777777778,0.32222222222222224,0.22,0.18,0.7355555555555555,40.565555555555555,22.625,30.051666666666666,29.0,75.877250733437,74.0,13.42,2025,,,30m
timeframe_year_relation,opposed,36,0.2222222222222222,2.263888888888889,0.09055555555555565,1.1195452878621195,81.5,0.5277777777777778,0.4166666666666667,0.3611111111111111,0.19444444444444445,0.75,50.486111111111114,36.125,28.84027777777778,29.25,74.3989983336047,73.21446013986642,10.416666666666666,2025,,,30m
timeframe_year_relation,neutral,0,,,,,,,,,,,,,,,,,,2025,,,30m
timeframe_year_relation,unknown,0,,,,,,,,,,,,,,,,,,2025,,,30m
timeframe_relation,aligned,917,0.2802617230098146,2.407033805888768,0.09547991859897159,1.1353186402231554,2207.25,0.48964013086150493,0.3326063249727372,0.2202835332606325,0.15267175572519084,0.7033805888767721,40.44465648854962,24.75,26.936750272628135,27.5,75.69274478005617,74.0,18.4154852780807,,,,15m
timeframe_relation,opposed,301,0.2691029900332226,-0.11544850498338871,-0.0025887035607018915,0.9935876735710661,-34.75,0.4152823920265781,0.3122923588039867,0.21262458471760798,0.12624584717607973,0.7109634551495017,36.49750830564784,18.75,27.467607973421927,27.0,75.98673694726288,74.206336834289,18.498338870431894,,,,15m
timeframe_relation,neutral,0,,,,,,,,,,,,,,,,,,,,,15m
timeframe_relation,unknown,0,,,,,,,,,,,,,,,,,,,,,15m
timeframe_year_relation,aligned,243,0.3333333333333333,4.118312757201646,0.1645651147081325,1.2480173482032217,1000.75,0.5349794238683128,0.35802469135802467,0.20987654320987653,0.13168724279835392,0.6584362139917695,40.82921810699588,30.0,24.473251028806583,26.75,75.51633223312147,73.8546329723225,23.691358024691358,2023,,,15m
timeframe_year_relation,opposed,101,0.297029702970297,0.022277227722772276,0.0033716583176329478,1.0013235294117646,2.25,0.46534653465346537,0.31683168316831684,0.21782178217821782,0.0891089108910891,0.6633663366336634,37.07920792079208,20.5,24.445544554455445,26.5,76.1403816990537,74.55657434186199,23.762376237623762,2023,,,15m
timeframe_year_relation,neutral,0,,,,,,,,,,,,,,,,,,2023,,,15m
timeframe_year_relation,unknown,0,,,,,,,,,,,,,,,,,,2023,,,15m
timeframe_year_relation,aligned,300,0.26666666666666666,-0.22916666666666666,-0.00838470975638647,0.9873411894678696,-68.75,0.44333333333333336,0.30333333333333334,0.21,0.12666666666666668,0.7133333333333334,37.045833333333334,21.0,25.755,27.0,75.90936536093669,74.0,19.936666666666667,2024,,,15m
timeframe_year_relation,opposed,88,0.29545454545454547,1.5340909090909092,0.06135773349577856,1.0886117492615688,135.0,0.4431818181818182,0.32954545454545453,0.20454545454545456,0.125,0.6818181818181818,36.60511363636363,19.25,25.735795454545453,26.625,75.51899002099175,73.80408090897002,21.625,2024,,,15m
timeframe_year_relation,neutral,0,,,,,,,,,,,,,,,,,,2024,,,15m
timeframe_year_relation,unknown,0,,,,,,,,,,,,,,,,,,2024,,,15m
timeframe_year_relation,aligned,374,0.25668449197860965,3.40975935828877,0.1339068861179056,1.186290263676868,1275.25,0.49732620320855614,0.339572192513369,0.23529411764705882,0.18716577540106952,0.7245989304812834,42.92112299465241,28.5,29.485294117647058,28.5,75.6336059421978,74.0,13.767379679144385,2025,,,15m
timeframe_year_relation,opposed,112,0.22321428571428573,-1.5357142857142858,-0.05820730187036346,0.9216668564271889,-172.0,0.3482142857142857,0.29464285714285715,0.21428571428571427,0.16071428571428573,0.7767857142857143,35.888392857142854,16.5,31.553571428571427,30.5,76.21569774709315,74.70593524196497,11.294642857142858,2025,,,15m
timeframe_year_relation,neutral,0,,,,,,,,,,,,,,,,,,2025,,,15m
timeframe_year_relation,unknown,0,,,,,,,,,,,,,,,,,,2025,,,15m
