segment,value,trades,win_rate,expectancy_points,expectancy_r,profit_factor,net_points,tp1_hit_rate,tp2_hit_rate,tp3_hit_rate,tp4_hit_rate,stop_rate,average_mfe,median_mfe,average_mae,median_mae,average_score,median_score,average_hold_minutes
level_source,active_external_swing_high,128,0.2578125,2.0546875,0.07776831925178945,1.1153003068829461,263.0,0.515625,0.3046875,0.203125,0.15625,0.703125,40.037109375,27.375,27.19921875,26.875,76.00923534453517,74.54361095358334,17.59375
level_source,active_external_swing_low,186,0.2956989247311828,2.5336021505376345,0.10718734412731284,1.1461693548387097,471.25,0.45161290322580644,0.3333333333333333,0.22580645161290322,0.12903225806451613,0.6827956989247311,37.58467741935484,21.625,26.611559139784948,27.875,76.72527798656898,75.98158813486819,20.543010752688172
level_source,active_internal_swing_high,276,0.2463768115942029,-2.1050724637681157,-0.08431605904647912,0.8876426223167666,-581.0,0.4492753623188406,0.286231884057971,0.18840579710144928,0.12681159420289856,0.7427536231884058,36.278985507246375,20.125,26.8106884057971,27.5,75.84187085191006,74.0,17.318840579710145
level_source,active_internal_swing_low,296,0.32432432432432434,7.556587837837838,0.3012798320806802,1.456502882800143,2236.75,0.5101351351351351,0.38513513513513514,0.2533783783783784,0.17567567567567569,0.652027027027027,43.37162162162162,29.875,25.3125,27.0,75.93696293017865,74.0,20.18581081081081
level_source,ash,1,0.0,-25.25,-1.01,0.0,-25.25,0.0,0.0,0.0,0.0,1.0,10.5,10.5,33.75,33.75,76.52960462206536,76.52960462206536,4.0
level_source,asl,11,0.45454545454545453,11.113636363636363,0.42982683982683995,1.8288135593220338,122.25,0.6363636363636364,0.36363636363636365,0.18181818181818182,0.18181818181818182,0.5454545454545454,46.38636363636363,43.25,20.772727272727273,26.0,77.25753940365747,73.59130434782608,30.0
level_source,loh,13,0.23076923076923078,5.038461538461538,0.19765182186234836,1.2802139037433156,65.5,0.6153846153846154,0.46153846153846156,0.3076923076923077,0.23076923076923078,0.6923076923076923,51.75,35.25,23.384615384615383,25.75,75.47481133938831,74.206336834289,17.307692307692307
level_source,lol,19,0.15789473684210525,-13.381578947368421,-0.5448523748395379,0.36357947434292864,-254.25,0.42105263157894735,0.3684210526315789,0.10526315789473684,0.0,0.8421052631578947,34.10526315789474,21.25,30.44736842105263,27.25,76.29902557505349,74.2,16.42105263157895
level_source,onh,13,0.15384615384615385,-6.019230769230769,-0.24076923076923068,0.7182718271827183,-78.25,0.23076923076923078,0.23076923076923078,0.15384615384615385,0.15384615384615385,0.8461538461538461,25.923076923076923,5.5,29.173076923076923,27.0,77.96349880026615,75.8,10.307692307692308
level_source,onl,31,0.3225806451612903,6.266129032258065,0.2496674426338545,1.3820058997050146,194.25,0.5806451612903226,0.3548387096774194,0.2903225806451613,0.1935483870967742,0.6451612903225806,44.064516129032256,41.0,25.862903225806452,26.75,76.63611929231178,76.0,24.580645161290324
level_source,pdh,5,0.2,-10.2,-0.40800000000000003,0.49504950495049505,-51.0,0.6,0.2,0.2,0.0,0.8,36.45,32.75,27.65,28.25,75.04913362238094,74.4,19.8
level_source,pdl,8,0.125,-9.625,-0.38499999999999995,0.5643564356435643,-77.0,0.25,0.25,0.125,0.125,0.875,65.875,41.0,86.3125,48.625,78.51017167891405,74.66902532454932,6.625
level_source,pmh,39,0.20512820512820512,-5.82051282051282,-0.22253352618023564,0.7099968061322262,-227.0,0.3333333333333333,0.2564102564102564,0.20512820512820512,0.1282051282051282,0.7948717948717948,36.09615384615385,19.75,29.294871794871796,30.25,74.7529821868726,73.3032571039391,14.41025641025641
level_source,pml,70,0.2714285714285714,-3.0964285714285715,-0.12394227994227985,0.8316504854368932,-216.75,0.38571428571428573,0.2714285714285714,0.18571428571428572,0.07142857142857142,0.7285714285714285,33.09285714285714,18.0,27.992857142857144,27.5,75.60207339694712,73.5912185769497,17.87142857142857
level_group,Asia high/low,12,0.4166666666666667,8.083333333333334,0.30984126984126986,1.5615050651230102,97.0,0.5833333333333334,0.3333333333333333,0.16666666666666666,0.16666666666666666,0.5833333333333334,43.395833333333336,39.125,21.854166666666668,26.5,77.19687817185813,74.93347373803823,27.833333333333332
level_group,London high/low,32,0.1875,-5.8984375,-0.2432100449293966,0.7019344650611923,-188.75,0.5,0.40625,0.1875,0.09375,0.78125,41.2734375,27.625,27.578125,26.25,75.96418854181451,74.2031684171445,16.78125
level_group,PDH/PDL,13,0.15384615384615385,-9.846153846153847,-0.3938461538461538,0.5391539153915391,-128.0,0.38461538461538464,0.23076923076923078,0.15384615384615385,0.07692307692307693,0.8461538461538461,54.55769230769231,32.75,63.75,29.75,77.17900319563208,74.4,11.692307692307692
level_group,PMH/PML,109,0.24770642201834864,-4.071100917431193,-0.15921804694485125,0.7856539065330274,-443.75,0.3669724770642202,0.26605504587155965,0.1926605504587156,0.09174311926605505,0.7522935779816514,34.16743119266055,19.0,28.458715596330276,28.75,75.29827011994799,73.39259259259259,16.63302752293578
level_group,external swing,314,0.2802547770700637,2.338375796178344,0.09519487538824603,1.1333787465940055,734.25,0.47770700636942676,0.321656050955414,0.21656050955414013,0.14012738853503184,0.6910828025477707,38.5843949044586,22.25,26.851114649681527,27.0,76.4333879923641,75.72169531714677,19.340764331210192
level_group,internal swing,572,0.2867132867132867,2.894667832167832,0.11522307342491803,1.164411786609736,1655.75,0.4807692307692308,0.3374125874125874,0.22202797202797203,0.1520979020979021,0.6958041958041958,39.9493006993007,24.0,26.035402097902097,27.25,75.89107933996513,74.0,18.802447552447553
level_group,overnight high/low,44,0.2727272727272727,2.6363636363636362,0.10476569821930655,1.1475357710651828,116.0,0.4772727272727273,0.3181818181818182,0.25,0.18181818181818182,0.7045454545454546,38.70454545454545,18.0,26.84090909090909,26.875,77.02829960148011,76.0,20.363636363636363
setup_family,continuation,63,0.36507936507936506,12.162698412698413,0.48316687634765443,1.7775240994419077,766.25,0.6031746031746031,0.3492063492063492,0.2857142857142857,0.23809523809523808,0.6031746031746031,46.90079365079365,34.0,23.055555555555557,26.0,73.55774050317164,71.72248462694844,19.349206349206348
setup_family,reversal,1033,0.27202323330106487,1.0418683446272992,0.04204218109010203,1.0580799222902781,1076.25,0.46079380445304935,0.324298160696999,0.21200387221684414,0.1355275895450145,0.7095837366892546,38.712245885769605,22.0,27.22894482090997,27.5,76.21775779171888,74.58351682193376,18.723136495643757
direction,long,598,0.3010033444816054,3.1751672240802677,0.12761371667805932,1.1845776222416642,1898.75,0.4765886287625418,0.342809364548495,0.22408026755852842,0.1354515050167224,0.6789297658862876,39.84489966555184,23.75,27.00083612040134,27.0,76.36039868986062,74.9307498217322,20.637123745819398
direction,short,498,0.24899598393574296,-0.11295180722891567,-0.004907462444782882,0.9939050818073464,-56.25,0.4598393574297189,0.30522088353413657,0.20682730923694778,0.14859437751004015,0.7329317269076305,38.38805220883534,21.0,26.974899598393574,27.5,75.70996593174453,73.98878008046762,16.504016064257026
multi_level_confluence,False,1071,0.2773109243697479,1.6552287581699345,0.0664880518215294,1.0929430885783942,1772.75,0.47058823529411764,0.32866479925303455,0.2166199813258637,0.14098972922502334,0.704014939309057,39.26190476190476,22.5,27.070728291316527,27.25,76.13247093273115,74.48366455049421,18.758169934640524
multi_level_confluence,True,25,0.28,2.79,0.10641531100478474,1.1576271186440679,69.75,0.4,0.2,0.2,0.16,0.68,35.8,19.5,23.49,26.0,73.16820326361477,71.60200657246877,18.8
level_group x setup_family,Asia high/low | reversal,12,0.4166666666666667,8.083333333333334,0.30984126984126986,1.5615050651230102,97.0,0.5833333333333334,0.3333333333333333,0.16666666666666666,0.16666666666666666,0.5833333333333334,43.395833333333336,39.125,21.854166666666668,26.5,77.19687817185813,74.93347373803823,27.833333333333332
level_group x setup_family,London high/low | reversal,32,0.1875,-5.8984375,-0.2432100449293966,0.7019344650611923,-188.75,0.5,0.40625,0.1875,0.09375,0.78125,41.2734375,27.625,27.578125,26.25,75.96418854181451,74.2031684171445,16.78125
level_group x setup_family,PDH/PDL | reversal,13,0.15384615384615385,-9.846153846153847,-0.3938461538461538,0.5391539153915391,-128.0,0.38461538461538464,0.23076923076923078,0.15384615384615385,0.07692307692307693,0.8461538461538461,54.55769230769231,32.75,63.75,29.75,77.17900319563208,74.4,11.692307692307692
level_group x setup_family,PMH/PML | continuation,2,0.0,-25.25,-1.01,0.0,-50.5,0.0,0.0,0.0,0.0,1.0,13.375,13.375,31.125,31.125,75.43878830026671,75.43878830026671,1.5
level_group x setup_family,PMH/PML | reversal,107,0.2523364485981308,-3.675233644859813,-0.14331558053260543,0.8052976853570987,-393.25,0.37383177570093457,0.27102803738317754,0.19626168224299065,0.09345794392523364,0.7476635514018691,34.55607476635514,19.0,28.4088785046729,28.75,75.29564361190464,73.39259259259259,16.91588785046729
level_group x setup_family,external swing | reversal,314,0.2802547770700637,2.338375796178344,0.09519487538824603,1.1333787465940055,734.25,0.47770700636942676,0.321656050955414,0.21656050955414013,0.14012738853503184,0.6910828025477707,38.5843949044586,22.25,26.851114649681527,27.0,76.4333879923641,75.72169531714677,19.340764331210192
level_group x setup_family,internal swing | continuation,61,0.3770491803278688,13.389344262295081,0.5321231673754464,1.8735294117647059,816.75,0.6229508196721312,0.36065573770491804,0.29508196721311475,0.2459016393442623,0.5901639344262295,48.0,35.25,22.790983606557376,25.25,73.49606680490623,71.72248462694844,19.934426229508198
level_group x setup_family,internal swing | reversal,511,0.2759295499021526,1.6418786692759295,0.06545613461673362,1.0918370139287963,839.0,0.4637964774951076,0.33463796477495106,0.21330724070450097,0.14090019569471623,0.7084148727984344,38.98825831702544,22.75,26.422700587084147,27.5,76.17698103201718,74.41566826289487,18.667318982387474
level_group x setup_family,overnight high/low | reversal,44,0.2727272727272727,2.6363636363636362,0.10476569821930655,1.1475357710651828,116.0,0.4772727272727273,0.3181818181818182,0.25,0.18181818181818182,0.7045454545454546,38.70454545454545,18.0,26.84090909090909,26.875,77.02829960148011,76.0,20.363636363636363
level_group x direction,Asia high/low | long,11,0.45454545454545453,11.113636363636363,0.42982683982683995,1.8288135593220338,122.25,0.6363636363636364,0.36363636363636365,0.18181818181818182,0.18181818181818182,0.5454545454545454,46.38636363636363,43.25,20.772727272727273,26.0,77.25753940365747,73.59130434782608,30.0
level_group x direction,Asia high/low | short,1,0.0,-25.25,-1.01,0.0,-25.25,0.0,0.0,0.0,0.0,1.0,10.5,10.5,33.75,33.75,76.52960462206536,76.52960462206536,4.0
level_group x direction,London high/low | long,19,0.15789473684210525,-13.381578947368421,-0.5448523748395379,0.36357947434292864,-254.25,0.42105263157894735,0.3684210526315789,0.10526315789473684,0.0,0.8421052631578947,34.10526315789474,21.25,30.44736842105263,27.25,76.29902557505349,74.2,16.42105263157895
level_group x direction,London high/low | short,13,0.23076923076923078,5.038461538461538,0.19765182186234836,1.2802139037433156,65.5,0.6153846153846154,0.46153846153846156,0.3076923076923077,0.23076923076923078,0.6923076923076923,51.75,35.25,23.384615384615383,25.75,75.47481133938831,74.206336834289,17.307692307692307
level_group x direction,PDH/PDL | long,8,0.125,-9.625,-0.38499999999999995,0.5643564356435643,-77.0,0.25,0.25,0.125,0.125,0.875,65.875,41.0,86.3125,48.625,78.51017167891405,74.66902532454932,6.625
level_group x direction,PDH/PDL | short,5,0.2,-10.2,-0.40800000000000003,0.49504950495049505,-51.0,0.6,0.2,0.2,0.0,0.8,36.45,32.75,27.65,28.25,75.04913362238094,74.4,19.8
level_group x direction,PMH/PML | long,70,0.2714285714285714,-3.0964285714285715,-0.12394227994227991,0.8316504854368932,-216.75,0.38571428571428573,0.2714285714285714,0.18571428571428572,0.07142857142857142,0.7285714285714285,33.339285714285715,18.5,28.089285714285715,27.625,75.73805163096569,73.7711122486813,17.885714285714286
level_group x direction,PMH/PML | short,39,0.20512820512820512,-5.82051282051282,-0.22253352618023564,0.7099968061322262,-227.0,0.3333333333333333,0.2564102564102564,0.20512820512820512,0.1282051282051282,0.7948717948717948,35.65384615384615,19.75,29.121794871794872,30.0,74.50891868991617,72.87465816971509,14.384615384615385
level_group x direction,external swing | long,186,0.2956989247311828,2.5336021505376345,0.10718734412731284,1.1461693548387097,471.25,0.45161290322580644,0.3333333333333333,0.22580645161290322,0.12903225806451613,0.6827956989247311,37.58467741935484,21.625,26.611559139784948,27.875,76.72527798656898,75.98158813486819,20.543010752688172
level_group x direction,external swing | short,128,0.2578125,2.0546875,0.07776831925178945,1.1153003068829461,263.0,0.515625,0.3046875,0.203125,0.15625,0.703125,40.037109375,27.375,27.19921875,26.875,76.00923534453517,74.54361095358334,17.59375
level_group x direction,internal swing | long,273,0.31868131868131866,6.076923076923077,0.24181877408045926,1.365157101194079,1659.0,0.5091575091575091,0.3663003663003663,0.23809523809523808,0.1575091575091575,0.6556776556776557,41.946886446886445,27.0,25.38919413919414,26.75,76.14519269599995,74.58669159761267,21.285714285714285
level_group x direction,internal swing | short,299,0.25752508361204013,-0.010869565217391304,-0.00036430543448920616,0.9994120307553144,-3.25,0.45484949832775917,0.3110367892976589,0.20735785953177258,0.14715719063545152,0.7324414715719063,38.125418060200666,21.0,26.62541806020067,27.5,75.65906279749855,73.6,16.535117056856187
level_group x direction,overnight high/low | long,31,0.3225806451612903,6.266129032258065,0.2496674426338545,1.3820058997050146,194.25,0.5806451612903226,0.3548387096774194,0.2903225806451613,0.1935483870967742,0.6451612903225806,44.064516129032256,41.0,25.862903225806452,26.75,76.63611929231178,76.0,24.580645161290324
level_group x direction,overnight high/low | short,13,0.15384615384615385,-6.019230769230769,-0.24076923076923068,0.7182718271827183,-78.25,0.23076923076923078,0.23076923076923078,0.15384615384615385,0.15384615384615385,0.8461538461538461,25.923076923076923,5.5,29.173076923076923,27.0,77.96349880026615,75.8,10.307692307692308
level_group x year,Asia high/low | 2023,2,0.0,-23.25,-1.010952380952381,0.0,-46.5,0.0,0.0,0.0,0.0,1.0,4.25,4.25,28.5,28.5,77.05180138856704,77.05180138856704,18.5
level_group x year,Asia high/low | 2024,3,0.0,-25.25,-1.01,0.0,-75.75,0.6666666666666666,0.0,0.0,0.0,1.0,30.0,35.0,31.666666666666668,31.0,74.48343776132528,73.49666366095582,16.333333333333332
level_group x year,Asia high/low | 2025,7,0.7142857142857143,31.321428571428573,1.2528571428571431,5.341584158415841,219.25,0.7142857142857143,0.5714285714285714,0.2857142857142857,0.2857142857142857,0.2857142857142857,60.32142857142857,56.75,15.75,14.25,78.40123171445539,76.2756431282504,35.42857142857143
level_group x year,London high/low | 2023,11,0.2727272727272727,-1.4318181818181819,-0.07842922161279026,0.9118881118881119,-15.75,0.45454545454545453,0.36363636363636365,0.2727272727272727,0.09090909090909091,0.6363636363636364,38.40909090909091,22.5,20.363636363636363,25.25,73.79184488680069,70.608206485771,24.727272727272727
level_group x year,London high/low | 2024,7,0.2857142857142857,7.928571428571429,0.3171428571428571,1.4396039603960396,55.5,0.5714285714285714,0.42857142857142855,0.2857142857142857,0.14285714285714285,0.7142857142857143,51.964285714285715,35.25,25.857142857142858,26.0,76.76252012307042,74.2,18.714285714285715
level_group x year,London high/low | 2025,14,0.07142857142857142,-16.321428571428573,-0.6528571428571428,0.3038842345773039,-228.5,0.5,0.42857142857142855,0.07142857142857142,0.07142857142857142,0.9285714285714286,38.17857142857143,28.25,34.107142857142854,30.75,77.2718641944117,75.58635083931,9.571428571428571
level_group x year,PDH/PDL | 2023,5,0.4,14.8,0.5920000000000002,1.976897689768977,74.0,0.6,0.4,0.4,0.2,0.6,50.35,41.25,24.85,25.25,74.5331590332635,73.53912650385789,19.8
level_group x year,PDH/PDL | 2024,1,0.0,-25.25,-1.01,0.0,-25.25,0.0,0.0,0.0,0.0,1.0,12.5,12.5,25.5,25.5,73.9245283018868,73.9245283018868,3.0
level_group x year,PDH/PDL | 2025,7,0.0,-25.25,-1.01,0.0,-176.75,0.2857142857142857,0.14285714285714285,0.0,0.0,1.0,63.57142857142857,32.75,97.0,62.25,79.53381686785897,77.81445927106154,7.142857142857143
level_group x year,PMH/PML | 2023,40,0.25,-8.05625,-0.3223989898989899,0.5744470122152525,-322.25,0.375,0.225,0.125,0.075,0.75,30.55,17.875,26.86875,28.25,74.67336640804419,73.5912185769497,17.8
level_group x year,PMH/PML | 2024,28,0.32142857142857145,2.9017857142857144,0.11607142857142863,1.1693590411672745,81.25,0.35714285714285715,0.32142857142857145,0.21428571428571427,0.10714285714285714,0.6785714285714286,37.205357142857146,20.5,27.339285714285715,27.125,74.90070311105504,73.57989805773317,20.607142857142858
level_group x year,PMH/PML | 2025,41,0.1951219512195122,-4.945121951219512,-0.18801969563485837,0.7566756675667566,-202.75,0.36585365853658536,0.2682926829268293,0.24390243902439024,0.0975609756097561,0.8048780487804879,35.6219512195122,19.0,30.774390243902438,30.75,76.17944145470781,73.1704918032787,12.78048780487805
level_group x year,external swing | 2023,87,0.367816091954023,6.908045977011494,0.27958979625624264,1.4570342205323195,601.0,0.5517241379310345,0.40229885057471265,0.22988505747126436,0.11494252873563218,0.5977011494252874,42.34770114942529,30.75,23.35919540229885,25.5,76.4793725139357,75.29398911669611,25.816091954022987
level_group x year,external swing | 2024,103,0.24271844660194175,-1.4004854368932038,-0.05757146158710295,0.9242284963887065,-144.25,0.42718446601941745,0.2815533980582524,0.18446601941747573,0.1262135922330097,0.7281553398058253,35.00728155339806,19.25,26.235436893203882,27.0,76.5610707576455,76.0,20.04854368932039
level_group x year,external swing | 2025,124,0.25,2.2379032258064515,0.09271563823457853,1.1213778020776382,277.5,0.46774193548387094,0.29838709677419356,0.23387096774193547,0.1693548387096774,0.7258064516129032,38.91532258064516,21.875,29.8125,30.25,76.29506558751967,74.93613617334141,14.209677419354838
level_group x year,internal swing | 2023,159,0.34591194968553457,5.933962264150943,0.24042681480051067,1.362327188940092,943.5,0.5471698113207547,0.3584905660377358,0.23270440251572327,0.13836477987421383,0.6477987421383647,41.630503144654085,30.0,24.08490566037736,26.75,75.93941025700278,74.0,24.056603773584907
level_group x year,internal swing | 2024,190,0.2578947368421053,-2.1355263157894737,-0.08270899052343261,0.8828328039272307,-405.75,0.4473684210526316,0.3,0.18947368421052632,0.1,0.7157894736842105,35.50657894736842,21.125,25.486842105263158,27.25,76.11210583670521,74.0,20.978947368421053
level_group x year,internal swing | 2025,223,0.26905829596412556,5.013452914798206,0.19459391320728295,1.2792382141742116,1118.0,0.4618834080717489,0.3542600896860987,0.242152466367713,0.2062780269058296,0.7130044843049327,42.535874439461885,24.0,27.893497757847534,27.75,75.66830063956333,73.77685903554115,13.201793721973095
level_group x year,overnight high/low | 2023,13,0.23076923076923078,-5.480769230769231,-0.22156225218080877,0.6912242686890574,-71.25,0.6153846153846154,0.3076923076923077,0.15384615384615385,0.07692307692307693,0.6923076923076923,39.15384615384615,44.5,27.53846153846154,27.25,78.80571750106074,77.23557804632833,30.615384615384617
level_group x year,overnight high/low | 2024,15,0.3333333333333333,6.083333333333333,0.24333333333333343,1.3613861386138615,91.25,0.4,0.3333333333333333,0.26666666666666666,0.2,0.6666666666666666,37.36666666666667,17.5,22.466666666666665,25.75,75.78206872173222,75.74561403508773,20.0
level_group x year,overnight high/low | 2025,16,0.25,6.0,0.24000000000000013,1.316831683168317,96.0,0.4375,0.3125,0.3125,0.25,0.75,39.59375,15.375,30.375,30.5,76.75248900783453,76.0,12.375
level_source x year,active_external_swing_high | 2023,36,0.3611111111111111,6.993055555555555,0.2752489418955283,1.475448536355052,251.75,0.5833333333333334,0.4166666666666667,0.19444444444444445,0.1388888888888889,0.5833333333333334,43.326388888888886,34.125,23.020833333333332,25.5,77.25489234816044,76.35018085998323,25.86111111111111
level_source x year,active_external_swing_high | 2024,36,0.2222222222222222,-0.4236111111111111,-0.023126196104919464,0.9774575018477457,-15.25,0.4444444444444444,0.2222222222222222,0.19444444444444445,0.1388888888888889,0.75,36.22222222222222,19.25,24.90972222222222,26.0,75.75001017488142,74.68134019581441,17.22222222222222
level_source x year,active_external_swing_high | 2025,56,0.21428571428571427,0.4732142857142857,0.015677250281556025,1.0246511627906976,26.5,0.5178571428571429,0.2857142857142857,0.21428571428571427,0.17857142857142858,0.75,40.375,27.375,31.357142857142858,31.0,75.37510059412489,73.79875650128315,12.517857142857142
level_source x year,active_external_swing_low | 2023,51,0.37254901960784315,6.848039215686274,0.28265392874615863,1.44462126034373,349.25,0.5294117647058824,0.39215686274509803,0.2549019607843137,0.09803921568627451,0.6078431372549019,41.65686274509804,29.75,23.598039215686274,25.5,75.9319467486006,74.86936114732725,25.784313725490197
level_source x year,active_external_swing_low | 2024,67,0.2537313432835821,-1.9253731343283582,-0.07607936542827617,0.8948869423507843,-129.0,0.417910447761194,0.31343283582089554,0.1791044776119403,0.11940298507462686,0.7164179104477612,34.3544776119403,17.0,26.94776119402985,29.0,76.9968645036083,76.75191676350798,21.567164179104477
level_source x year,active_external_swing_low | 2025,68,0.27941176470588236,3.6911764705882355,0.15615901654883246,1.2072239422084623,251.0,0.4264705882352941,0.3088235294117647,0.25,0.16176470588235295,0.7058823529411765,37.713235294117645,20.75,28.540441176470587,29.5,77.0526838173742,75.98158813486819,15.602941176470589
level_source x year,active_internal_swing_high | 2023,85,0.3411764705882353,4.102941176470588,0.1684957631655373,1.2478237697637236,348.75,0.5764705882352941,0.32941176470588235,0.2235294117647059,0.12941176470588237,0.6588235294117647,41.27647058823529,31.0,23.78235294117647,26.75,75.53385821346185,73.96253033178772,24.305882352941175
level_source x year,active_internal_swing_high | 2024,86,0.19767441860465115,-9.872093023255815,-0.38933725256808166,0.5006616674018527,-849.0,0.4069767441860465,0.2441860465116279,0.13953488372093023,0.06976744186046512,0.7790697674418605,31.438953488372093,16.875,26.73546511627907,27.75,75.86073886236154,73.98878008046762,19.290697674418606
level_source x year,active_internal_swing_high | 2025,105,0.20952380952380953,-0.7690476190476191,-0.03914636614327514,0.9608674582020839,-80.75,0.38095238095238093,0.2857142857142857,0.2,0.17142857142857143,0.780952380952381,36.19761904761905,15.75,29.323809523809523,28.5,76.07576061733165,74.05752536356674,10.047619047619047
level_source x year,active_internal_swing_low | 2023,74,0.35135135135135137,8.037162162162161,0.32305032005689904,1.496970963024859,594.75,0.5135135135135135,0.3918918918918919,0.24324324324324326,0.14864864864864866,0.6351351351351351,42.03716216216216,25.5,24.43243243243243,26.625,76.40524706377276,76.0,23.77027027027027
level_source x year,active_internal_swing_low | 2024,104,0.3076923076923077,4.262019230769231,0.17084899539810416,1.2514536945114167,443.25,0.4807692307692308,0.34615384615384615,0.23076923076923078,0.125,0.6634615384615384,38.87019230769231,23.5,24.454326923076923,26.75,76.31996698856632,74.94380617462015,22.375
level_source x year,active_internal_swing_low | 2025,118,0.3220338983050847,10.158898305084746,0.4025831448327797,1.6178327535111454,1198.75,0.5338983050847458,0.4152542372881356,0.2796610169491525,0.23728813559322035,0.652542372881356,48.17584745762712,35.125,26.62076271186441,27.375,75.30573032036271,73.71507004349334,16.008474576271187
level_source x year,ash | 2025,1,0.0,-25.25,-1.01,0.0,-25.25,0.0,0.0,0.0,0.0,1.0,10.5,10.5,33.75,33.75,76.52960462206536,76.52960462206536,4.0
level_source x year,asl | 2023,2,0.0,-23.25,-1.010952380952381,0.0,-46.5,0.0,0.0,0.0,0.0,1.0,4.25,4.25,28.5,28.5,77.05180138856704,77.05180138856704,18.5
level_source x year,asl | 2024,3,0.0,-25.25,-1.01,0.0,-75.75,0.6666666666666666,0.0,0.0,0.0,1.0,30.0,35.0,31.666666666666668,31.0,74.48343776132528,73.49666366095582,16.333333333333332
level_source x year,asl | 2025,6,0.8333333333333334,40.75,1.6300000000000001,10.683168316831683,244.5,0.8333333333333334,0.6666666666666666,0.3333333333333333,0.3333333333333333,0.16666666666666666,68.625,60.125,12.75,12.875,78.71316956318707,74.93347373803823,40.666666666666664
level_source x year,loh | 2023,6,0.16666666666666666,-1.2916666666666667,-0.06008771929824552,0.9279069767441861,-7.75,0.5,0.3333333333333333,0.3333333333333333,0.16666666666666666,0.6666666666666666,42.333333333333336,27.125,22.708333333333332,24.75,73.12202511667718,71.16839323969516,23.833333333333332
level_source x year,loh | 2024,2,0.5,37.25,1.4900000000000002,3.9504950495049505,74.5,1.0,0.5,0.5,0.5,0.5,80.125,80.125,20.625,20.625,77.99102792632205,77.99102792632205,23.0
level_source x year,loh | 2025,5,0.2,-0.25,-0.00999999999999992,0.9876237623762376,-1.25,0.6,0.6,0.2,0.2,0.8,51.7,59.75,25.3,26.25,77.29166817186818,76.4526287514091,7.2
level_source x year,lol | 2023,5,0.4,-1.6,-0.10043902439024391,0.887719298245614,-8.0,0.4,0.4,0.2,0.0,0.6,33.7,14.25,17.55,25.25,74.59562861094888,70.608206485771,25.8
level_source x year,lol | 2024,5,0.2,-3.8,-0.15200000000000008,0.8118811881188119,-19.0,0.4,0.4,0.2,0.0,0.8,40.7,23.5,27.95,26.0,76.27111700176975,74.2,17.0
level_source x year,lol | 2025,9,0.0,-25.25,-1.01,0.0,-227.25,0.4444444444444444,0.3333333333333333,0.0,0.0,1.0,30.666666666666668,21.25,39.0,36.0,77.26086198471369,74.7200729272109,10.88888888888889
level_source x year,onh | 2023,5,0.0,-25.25,-1.01,0.0,-126.25,0.2,0.2,0.0,0.0,1.0,20.1,7.0,36.2,30.25,80.612917491449,82.7618801275465,10.4
level_source x year,onh | 2024,5,0.0,-25.25,-1.01,0.0,-126.25,0.0,0.0,0.0,0.0,1.0,5.45,4.25,28.4,26.5,74.43538335183328,75.74561403508773,5.8
level_source x year,onh | 2025,3,0.6666666666666666,58.083333333333336,2.3233333333333337,7.900990099009901,174.25,0.6666666666666666,0.6666666666666666,0.6666666666666666,0.6666666666666666,0.3333333333333333,69.75,100.75,18.75,16.0,79.42799339568288,81.47752675386445,17.666666666666668
level_source x year,onl | 2023,8,0.375,6.875,0.27121134020618565,1.5263157894736843,55.0,0.875,0.375,0.25,0.125,0.5,51.0625,47.25,22.125,25.125,77.67621750706807,75.37262773284158,43.25
level_source x year,onl | 2024,10,0.5,21.75,0.8700000000000003,2.722772277227723,217.5,0.6,0.5,0.4,0.3,0.5,53.325,53.375,19.5,24.875,76.45541140668169,74.75483870967741,27.1
level_source x year,onl | 2025,13,0.15384615384615385,-6.019230769230769,-0.24076923076923068,0.7182718271827183,-78.25,0.38461538461538464,0.23076923076923078,0.23076923076923078,0.15384615384615385,0.8461538461538461,32.63461538461539,12.75,33.05769230769231,34.75,76.13506491833107,76.0,11.153846153846153
level_source x year,pdh | 2023,2,0.5,12.375,0.495,1.9801980198019802,24.75,1.0,0.5,0.5,0.0,0.5,59.5,59.5,26.75,26.75,70.2115287331504,70.2115287331504,41.5
level_source x year,pdh | 2025,3,0.0,-25.25,-1.01,0.0,-75.75,0.3333333333333333,0.0,0.0,0.0,1.0,21.083333333333332,18.75,28.25,28.25,78.27420354853463,77.81445927106154,5.333333333333333
level_source x year,pdl | 2023,3,0.3333333333333333,16.416666666666668,0.6566666666666668,1.9752475247524752,49.25,0.3333333333333333,0.3333333333333333,0.3333333333333333,0.3333333333333333,0.6666666666666666,44.25,16.25,23.583333333333332,25.25,77.41424590000557,75.41352234721187,5.333333333333333
level_source x year,pdl | 2024,1,0.0,-25.25,-1.01,0.0,-25.25,0.0,0.0,0.0,0.0,1.0,12.5,12.5,25.5,25.5,73.9245283018868,73.9245283018868,3.0
level_source x year,pdl | 2025,4,0.0,-25.25,-1.01,0.0,-101.0,0.25,0.25,0.0,0.0,1.0,95.4375,101.125,148.5625,103.625,80.47852685735224,76.9697656368764,8.5
level_source x year,pmh | 2023,17,0.17647058823529413,-7.176470588235294,-0.2870588235294117,0.6548797736916548,-122.0,0.29411764705882354,0.23529411764705882,0.17647058823529413,0.11764705882352941,0.8235294117647058,32.23529411764706,17.25,28.485294117647058,29.25,75.10252209503592,73.73333333333333,13.647058823529411
level_source x year,pmh | 2024,8,0.375,9.46875,0.3787500000000001,1.6,75.75,0.25,0.25,0.25,0.25,0.625,39.65625,20.625,27.9375,31.625,74.8660265577464,74.34996053026487,17.375
level_source x year,pmh | 2025,14,0.14285714285714285,-12.910714285714286,-0.48777196578779947,0.4034653465346535,-180.75,0.42857142857142855,0.2857142857142857,0.21428571428571427,0.07142857142857142,0.8571428571428571,38.75,29.0,31.053571428571427,33.125,74.26394408646067,72.40429626634244,13.642857142857142
level_source x year,pml | 2023,23,0.30434782608695654,-8.706521739130435,-0.3485199824330259,0.5040247678018576,-200.25,0.43478260869565216,0.21739130434782608,0.08695652173913043,0.043478260869565216,0.6956521739130435,29.304347826086957,18.0,25.67391304347826,28.0,74.35616437852859,73.49484562885928,20.869565217391305
level_source x year,pml | 2024,20,0.3,0.275,0.011000000000000043,1.0155586987270155,5.5,0.4,0.35,0.2,0.05,0.7,36.225,19.625,27.1,26.875,74.91457373237851,73.15258157157191,21.9
level_source x year,pml | 2025,27,0.2222222222222222,-0.8148148148148148,-0.03259259259259261,0.9585101367279585,-22.0,0.3333333333333333,0.25925925925925924,0.25925925925925924,0.1111111111111111,0.7777777777777778,34.0,16.5,30.62962962962963,29.0,77.17266231231744,76.98382581648522,12.333333333333334
