component,dimension,value,with_trades,without_trades,with_expectancy,without_expectancy,expectancy_lift,with_pf,without_pf,pf_lift
higher_timeframe_bias,overall,all,1119,99,2.1586237712243075,-2.4545454545454546,4.613169225769762,1.12162638469285,0.8701055726312976,0.2515208120615524
higher_timeframe_bias,year,2023,307,37,2.952768729641694,2.608108108108108,0.3446606215335861,1.177484092021537,1.153784860557769,0.023699231463768067
higher_timeframe_bias,year,2024,355,33,0.532394366197183,-3.7196969696969697,4.252091335894153,1.0298719772403984,0.8043824701195219,0.22548950712087645
higher_timeframe_bias,year,2025,457,29,2.888402625820569,-7.474137931034483,10.362540556855052,1.156667260103258,0.6479902557856273,0.5086770043176306
higher_timeframe_bias,direction,long,608,45,3.3560855263157894,-2.7333333333333334,6.089418859649123,1.1953613059192418,0.8549528301886793,0.34040847573056254
higher_timeframe_bias,direction,short,511,54,0.7338551859099804,-2.2222222222222223,2.9560774081322028,1.0398290008231328,0.8826692740161329,0.15715972680699986
higher_timeframe_bias,family,reversal,940,93,1.3864361702127659,-2.4408602150537635,3.8272963852665294,1.0776876993234181,0.8706552706552707,0.20703242866814742
higher_timeframe_bias,family,continuation,179,6,6.2136871508379885,-2.6666666666666665,8.880353817504655,1.360593289025774,0.8617710583153347,0.4988222307104392
liquidity_sweep,overall,all,1033,185,1.0418683446272992,5.925675675675675,-4.883807331048376,1.0580799222902781,1.3425513631747519,-0.28447144088447374
liquidity_sweep,year,2023,298,46,2.785234899328859,3.760869565217391,-0.9756346658885322,1.167423096318709,1.222508038585209,-0.05508494226649985
liquidity_sweep,year,2024,328,60,-1.6051829268292683,9.879166666666666,-11.484349593495935,0.9123960066555741,1.627580730545262,-0.715184723889688
liquidity_sweep,year,2025,407,79,1.8986486486486487,4.1835443037974684,-2.2848956551488198,1.102175062805765,1.223575173346863,-0.121400110541098
liquidity_sweep,direction,long,578,75,3.1219723183391004,1.5066666666666666,1.6153056516724338,1.1809476059162698,1.08558985040712,0.09535775550914982
liquidity_sweep,direction,short,455,110,-1.6005494505494506,8.938636363636364,-10.539185814185815,0.9149041832203786,1.523005319148936,-0.6081011359285575
liquidity_sweep,family,reversal,1033,0,1.0418683446272992,,,1.0580799222902781,,
liquidity_sweep,family,continuation,0,185,,5.925675675675675,,,1.3425513631747519,
displacement,overall,all,891,327,2.7685185185185186,-0.8998470948012233,3.6683656133197418,1.157675221323788,0.9516533169028548,0.20602190442093316
displacement,year,2023,267,77,2.3614232209737827,4.837662337662338,-2.4762391166885553,1.1407680285778075,1.296576433121019,-0.15580840454321154
displacement,year,2024,291,97,1.6073883161512028,-4.139175257731959,5.7465635738831615,1.0919003880347757,0.7846896366805202,0.3072107513542556
displacement,year,2025,333,153,4.10960960960961,-1.7336601307189543,5.843269740328564,1.2252396823437435,0.9105547125273984,0.3146849698163451
displacement,direction,long,468,185,3.7446581196581197,0.8918918918918919,2.852766227766228,1.220940494200706,1.049096183887525,0.17184431031318104
displacement,direction,short,423,142,1.6885342789598108,-3.234154929577465,4.9226892085372755,1.092609400324149,0.8314988075582462,0.26111059276590287
displacement,family,reversal,735,298,1.5962585034013606,-0.32550335570469796,1.9217618591060586,1.0899024922894198,0.9823000775512066,0.10760241473821319
displacement,family,continuation,156,29,8.291666666666666,-6.801724137931035,15.0933908045977,1.4986026790016382,0.6745049504950495,0.8240977285065887
structure_shift,overall,all,838,380,3.1954057279236276,-1.3296052631578947,4.525010991081523,1.1799079548508467,0.926205864096104,0.2537020907547427
structure_shift,year,2023,228,116,1.8760964912280702,4.959051724137931,-3.0829552329098604,1.1083665843308632,1.3217731785764228,-0.21340659424555963
structure_shift,year,2024,267,121,0.8192883895131086,-1.2603305785123966,2.079618968025505,1.0458859929728879,0.9302777460281175,0.11560824694477034
structure_shift,year,2025,343,143,5.92201166180758,-6.489510489510489,12.411522151318069,1.3292406191749737,0.6768520936711064,0.6523885255038673
structure_shift,direction,long,437,216,4.658466819221968,-0.5474537037037037,5.2059205229256715,1.269814446653413,0.9684477353078513,0.3013667113455616
structure_shift,direction,short,401,164,1.600997506234414,-2.3597560975609757,3.9607536037953897,1.0874778580188036,0.8751210067763795,0.2123568512424241
structure_shift,family,reversal,658,375,2.401595744680851,-1.344,3.745595744680851,1.1340927894100425,0.9252862913686395,0.20880649804140305
structure_shift,family,continuation,180,5,6.097222222222222,-0.25,6.347222222222222,1.3541179317576832,0.9876237623762376,0.36649416938144563
fvg_or_retest,overall,all,1128,90,2.1318705673758864,-2.5805555555555557,4.712426122931442,1.1199107432247126,0.8614466815809098,0.25846406164380287
fvg_or_retest,year,2023,324,20,4.107253086419753,-16.3875,20.494753086419752,1.2505412783582792,0.22609208972845338,1.024449188629826
fvg_or_retest,year,2024,359,29,0.4505571030640669,-3.293103448275862,3.743660551339929,1.0252586375170798,0.8266000907852927,0.19865854673178707
fvg_or_retest,year,2025,445,41,2.05,4.658536585365853,-2.6085365853658535,1.1093923314446743,1.272079772079772,-0.16268744063509777
fvg_or_retest,direction,long,607,46,3.013179571663921,1.923913043478261,1.0892665281856602,1.17433991039939,1.1103835360149672,0.0639563743844227
fvg_or_retest,direction,short,521,44,1.1050863723608446,-7.2897727272727275,8.394859099633573,1.06020285460344,0.633218982275586,0.42698387232785406
fvg_or_retest,family,reversal,949,84,1.2223393045310853,-0.9970238095238095,2.219363114054895,1.0682242578406433,0.9451808214694812,0.12304343637116211
fvg_or_retest,family,continuation,179,6,6.95391061452514,-24.75,31.70391061452514,1.4078807241746538,0.0,1.4078807241746538
draw_on_liquidity,overall,all,1189,29,1.8282169890664424,-0.04310344827586207,1.8713204373423045,1.1027741333049657,0.9978448275862069,0.1049293057187588
draw_on_liquidity,year,2023,335,9,2.5507462686567166,16.5,-13.949253731343283,1.1530196534897255,1.9850746268656716,-0.8320549733759461
draw_on_liquidity,year,2024,378,10,0.8432539682539683,-25.25,26.09325396825397,1.047560429722471,0.0,1.047560429722471
draw_on_liquidity,year,2025,476,10,2.101890756302521,10.275,-8.173109243697478,1.1128659258841447,1.5813295615275813,-0.4684636356434366
draw_on_liquidity,direction,long,631,22,3.158082408874802,-3.4204545454545454,6.578536954329348,1.1838627084630822,0.8344334433443344,0.3494292651187477
draw_on_liquidity,direction,short,558,7,0.32437275985663083,10.571428571428571,-10.24705581157194,1.017551515151515,1.5896414342629481,-0.572089919111433
draw_on_liquidity,family,reversal,1009,24,0.9427651139742319,5.208333333333333,-4.265568219359102,1.0526228442612748,1.2754820936639117,-0.2228592494026369
draw_on_liquidity,family,continuation,180,5,6.791666666666667,-25.25,32.041666666666664,1.397690305790501,0.0,1.397690305790501
premium_discount,overall,all,771,447,0.4361219195849546,4.107941834451902,-3.671819914866947,1.0239737625438925,1.2383192731992212,-0.2143455106553287
premium_discount,year,2023,218,126,2.7958715596330275,3.123015873015873,-0.32714431338284555,1.1690238491403218,1.1848285580084548,-0.01580470886813301
premium_discount,year,2024,241,147,-2.016597510373444,3.756802721088435,-5.7734002314618795,0.8924005092156971,1.2265408676033227,-0.33414035838762557
premium_discount,year,2025,312,174,0.6818910256410257,5.117816091954023,-4.435925066312998,1.036040996103676,1.2837568708675218,-0.2477158747638457
premium_discount,direction,long,441,212,1.459750566893424,6.008254716981132,-4.548504150087708,1.0816009633667132,1.3742196107234668,-0.2926186473567536
premium_discount,direction,short,330,235,-0.9318181818181818,2.393617021276596,-3.3254352030947776,0.9498920438342771,1.13077593722755,-0.18088389339327304
premium_discount,family,reversal,715,318,-0.02902097902097902,3.449685534591195,-3.478706513612174,0.9984120606860664,1.2007962293506613,-0.20238416866459497
premium_discount,family,continuation,56,129,6.375,5.73062015503876,0.6443798449612403,1.3724569640062598,1.3297646927623508,0.042692271243909063
relative_volume,overall,all,926,292,1.8296436285097193,1.6378424657534247,0.19180116275629455,1.1014931184760308,1.094937965260546,0.006555153215484832
relative_volume,year,2023,260,84,3.7971153846153847,0.1875,3.6096153846153847,1.2257603475874685,1.0115638766519823,0.21419647093548622
relative_volume,year,2024,307,81,0.44462540716612375,-0.8672839506172839,1.3119093577834078,1.0247204237786933,0.9509684173791659,0.07375200639952739
relative_volume,year,2025,359,127,1.5891364902506964,4.19488188976378,-2.6057453995130833,1.0839155696109435,1.2375431947386022,-0.1536276251276587
relative_volume,direction,long,492,161,3.7215447154471546,0.5372670807453416,3.184277634701813,1.2154307733035268,1.0309647395740111,0.18446603372951564
relative_volume,direction,short,434,131,-0.3150921658986175,2.9904580152671754,-3.305550181165793,0.9833109592384671,1.1745766488413547,-0.1912656896028876
relative_volume,family,reversal,775,258,1.216451612903226,0.5174418604651163,0.6990097524381096,1.0673056328978368,1.029512545595225,0.03779308730261177
relative_volume,family,continuation,151,34,4.97682119205298,10.139705882352942,-5.162884690299962,1.2797580269892974,1.6707198443579767,-0.3909618173686793
signal_to_noise,overall,all,377,841,0.9038461538461539,2.178061831153389,-1.274215677307235,1.0495474208440874,1.1233211027703909,-0.07377368192630351
signal_to_noise,year,2023,95,249,1.5868421052631578,3.4226907630522088,-1.835848657789051,1.0914606400728044,1.2085397932342326,-0.11707915316142814
signal_to_noise,year,2024,119,269,1.023109243697479,-0.20631970260223048,1.2294289462997094,1.0562615526802217,0.9884145705041227,0.06784698217609897
signal_to_noise,year,2025,163,323,0.4187116564417178,3.2043343653250775,-2.7856227088833596,1.022267536704731,1.1731855260405772,-0.15091798933584633
signal_to_noise,direction,long,212,441,-3.8372641509433962,6.192743764172335,-10.030007915115732,0.7984515329823475,1.3763522359264109,-0.5779007029440634
signal_to_noise,direction,short,165,400,6.995454545454545,-2.248125,9.243579545454544,1.4062829989440337,0.8816309069369488,0.524652092007085
signal_to_noise,family,reversal,256,777,-0.4697265625,1.53989703989704,-2.00962360239704,0.9744705695026803,1.086575857889691,-0.11210528838701062
signal_to_noise,family,continuation,121,64,3.809917355371901,9.92578125,-6.115863894628099,1.2127365020766037,1.6148076457778853,-0.4020711437012816
room_to_target,overall,all,1203,15,1.5791770573566084,18.183333333333334,-16.604156275976724,1.0883460831957588,2.2002200220022003,-1.1118739388064416
room_to_target,year,2023,341,3,3.1634897360703813,-25.25,28.41348973607038,1.1906171312453064,0.0,1.1906171312453064
room_to_target,year,2024,379,9,-0.2849604221635884,19.36111111111111,-19.6460715332747,0.9841833559111046,2.38019801980198,-1.3960146638908755
room_to_target,year,2025,483,3,1.9233954451345756,58.083333333333336,-56.15993788819876,1.103039041703638,7.900990099009901,-6.797951057306263
room_to_target,direction,long,646,7,2.987229102167183,-1.75,4.737229102167182,1.1728160121792863,0.902970297029703,0.26984571514958333
room_to_target,direction,short,557,8,-0.05385996409335727,35.625,-35.678859964093355,0.9970978040050305,3.8217821782178216,-2.824684374212791
room_to_target,family,reversal,1018,15,0.7892927308447937,18.183333333333334,-17.39404060248854,1.0438993075000342,2.2002200220022003,-1.1563207145021661
room_to_target,family,continuation,185,0,5.925675675675675,,,1.3425513631747519,,
key_location,overall,all,1218,0,1.7836617405582922,,,1.0999735397995927,,
key_location,year,2023,344,0,2.9156976744186047,,,1.1748910200523104,,
key_location,year,2024,388,0,0.17074742268041238,,,1.0095262060536343,,
key_location,year,2025,486,0,2.2700617283950617,,,1.1220240564081294,,
key_location,direction,long,653,0,2.9364471669218988,,,1.1697992074561112,,
key_location,direction,short,565,0,0.45132743362831856,,,1.02442996742671,,
key_location,family,reversal,1033,0,1.0418683446272992,,,1.0580799222902781,,
key_location,family,continuation,185,0,5.925675675675675,,,1.3425513631747519,,
penalty_data_quality,overall,all,0,1218,,1.7836617405582922,,,1.0999735397995927,
penalty_data_quality,year,2023,0,344,,2.9156976744186047,,,1.1748910200523104,
penalty_data_quality,year,2024,0,388,,0.17074742268041238,,,1.0095262060536343,
penalty_data_quality,year,2025,0,486,,2.2700617283950617,,,1.1220240564081294,
penalty_data_quality,direction,long,0,653,,2.9364471669218988,,,1.1697992074561112,
penalty_data_quality,direction,short,0,565,,0.45132743362831856,,,1.02442996742671,
penalty_data_quality,family,reversal,0,1033,,1.0418683446272992,,,1.0580799222902781,
penalty_data_quality,family,continuation,0,185,,5.925675675675675,,,1.3425513631747519,
penalty_failed_retest,overall,all,0,1218,,1.7836617405582922,,,1.0999735397995927,
penalty_failed_retest,year,2023,0,344,,2.9156976744186047,,,1.1748910200523104,
penalty_failed_retest,year,2024,0,388,,0.17074742268041238,,,1.0095262060536343,
penalty_failed_retest,year,2025,0,486,,2.2700617283950617,,,1.1220240564081294,
penalty_failed_retest,direction,long,0,653,,2.9364471669218988,,,1.1697992074561112,
penalty_failed_retest,direction,short,0,565,,0.45132743362831856,,,1.02442996742671,
penalty_failed_retest,family,reversal,0,1033,,1.0418683446272992,,,1.0580799222902781,
penalty_failed_retest,family,continuation,0,185,,5.925675675675675,,,1.3425513631747519,
penalty_htf_conflict,overall,all,0,1218,,1.7836617405582922,,,1.0999735397995927,
penalty_htf_conflict,year,2023,0,344,,2.9156976744186047,,,1.1748910200523104,
penalty_htf_conflict,year,2024,0,388,,0.17074742268041238,,,1.0095262060536343,
penalty_htf_conflict,year,2025,0,486,,2.2700617283950617,,,1.1220240564081294,
penalty_htf_conflict,direction,long,0,653,,2.9364471669218988,,,1.1697992074561112,
penalty_htf_conflict,direction,short,0,565,,0.45132743362831856,,,1.02442996742671,
penalty_htf_conflict,family,reversal,0,1033,,1.0418683446272992,,,1.0580799222902781,
penalty_htf_conflict,family,continuation,0,185,,5.925675675675675,,,1.3425513631747519,
penalty_major_obstacle,overall,all,15,1203,18.183333333333334,1.5791770573566084,16.604156275976724,2.2002200220022003,1.0883460831957588,1.1118739388064416
penalty_major_obstacle,year,2023,3,341,-25.25,3.1634897360703813,-28.41348973607038,0.0,1.1906171312453064,-1.1906171312453064
penalty_major_obstacle,year,2024,9,379,19.36111111111111,-0.2849604221635884,19.6460715332747,2.38019801980198,0.9841833559111046,1.3960146638908755
penalty_major_obstacle,year,2025,3,483,58.083333333333336,1.9233954451345756,56.15993788819876,7.900990099009901,1.103039041703638,6.797951057306263
penalty_major_obstacle,direction,long,7,646,-1.75,2.987229102167183,-4.737229102167182,0.902970297029703,1.1728160121792863,-0.26984571514958333
penalty_major_obstacle,direction,short,8,557,35.625,-0.05385996409335727,35.678859964093355,3.8217821782178216,0.9970978040050305,2.824684374212791
penalty_major_obstacle,family,reversal,15,1018,18.183333333333334,0.7892927308447937,17.39404060248854,2.2002200220022003,1.0438993075000342,1.1563207145021661
penalty_major_obstacle,family,continuation,0,185,,5.925675675675675,,,1.3425513631747519,
penalty_snr_conflict,overall,all,100,1118,-6.15,2.4932915921288012,-8.6432915921288,0.6783052177324441,1.1406478631616126,-0.4623426454291685
penalty_snr_conflict,year,2023,26,318,-13.932692307692308,4.293238993710692,-18.225931301403,0.3475911751463305,1.2635744968386504,-0.9159833216923199
penalty_snr_conflict,year,2024,30,358,-4.75,0.5831005586592178,-5.3331005586592175,0.7228974234321828,1.0324133379915377,-0.3095159145593549
penalty_snr_conflict,year,2025,44,442,-2.5056818181818183,2.745475113122172,-5.25115693130399,0.8691006233303651,1.1480058543724845,-0.2789052310421194
penalty_snr_conflict,direction,long,56,597,-2.9955357142857144,3.4928810720268006,-6.488416786312515,0.8348104382077794,1.202899608358267,-0.3680891701504876
penalty_snr_conflict,direction,short,44,521,-10.164772727272727,1.3478886756238004,-11.512661402896526,0.500976290097629,1.0735976105012184,-0.5726213204035894
penalty_snr_conflict,family,reversal,100,933,-6.15,1.812700964630225,-7.962700964630225,0.6783052177324441,1.1017675817976682,-0.4234623640652241
penalty_snr_conflict,family,continuation,0,185,,5.925675675675675,,,1.3425513631747519,
penalty_stale_setup,overall,all,0,1218,,1.7836617405582922,,,1.0999735397995927,
penalty_stale_setup,year,2023,0,344,,2.9156976744186047,,,1.1748910200523104,
penalty_stale_setup,year,2024,0,388,,0.17074742268041238,,,1.0095262060536343,
penalty_stale_setup,year,2025,0,486,,2.2700617283950617,,,1.1220240564081294,
penalty_stale_setup,direction,long,0,653,,2.9364471669218988,,,1.1697992074561112,
penalty_stale_setup,direction,short,0,565,,0.45132743362831856,,,1.02442996742671,
penalty_stale_setup,family,reversal,0,1033,,1.0418683446272992,,,1.0580799222902781,
penalty_stale_setup,family,continuation,0,185,,5.925675675675675,,,1.3425513631747519,
