year,model,threshold,trades,win_rate,net_points,expectancy_points,profit_factor,max_drawdown_points,stop_hit_rate,trades_at_70,trade_retention
2023,baseline,70,344,0.32267,1003.00,2.9157,1.1749,545.50,0.65988,344,1.00000
2024,baseline,70,388,0.27320,66.25,0.1707,1.0095,1091.75,0.70619,388,1.00000
2025,baseline,70,486,0.24897,1103.25,2.2701,1.1220,758.50,0.73663,486,1.00000
2023,baseline,75,202,0.31188,749.50,3.7104,1.2194,422.00,0.66337,344,0.58721
2024,baseline,75,209,0.24402,-282.75,-1.3529,0.9277,920.75,0.73684,388,0.53866
2025,baseline,75,259,0.26641,1228.75,4.7442,1.2603,519.00,0.72201,486,0.53292
2023,baseline,80,122,0.32787,577.50,4.7336,1.2827,245.00,0.65574,344,0.35465
2024,baseline,80,116,0.21552,-371.00,-3.1983,0.8372,912.00,0.77586,388,0.29897
2025,baseline,80,148,0.27703,1099.25,7.4274,1.4115,253.75,0.71622,486,0.30453
2023,baseline,85,46,0.43478,878.75,19.1033,2.3844,235.75,0.52174,344,0.13372
2024,baseline,85,44,0.25000,-22.25,-0.5057,0.9722,295.50,0.70455,388,0.11340
2025,baseline,85,46,0.39130,925.50,20.1196,2.3091,101.00,0.60870,486,0.09465
2023,candidate_conservative,70,372,0.30108,604.50,1.6250,1.0955,590.25,0.67204,372,1.00000
2024,candidate_conservative,70,423,0.26005,-743.25,-1.7571,0.9039,1390.00,0.72104,423,1.00000
2025,candidate_conservative,70,527,0.22581,55.75,0.1058,1.0055,804.50,0.76091,527,1.00000
2023,candidate_conservative,75,243,0.28395,173.00,0.7119,1.0403,629.00,0.69547,372,0.65323
2024,candidate_conservative,75,256,0.25781,-450.75,-1.7607,0.9038,1148.75,0.71875,423,0.60520
2025,candidate_conservative,75,317,0.25552,1181.00,3.7256,1.2007,416.75,0.73502,527,0.60152
2023,candidate_conservative,80,137,0.32117,610.75,4.4580,1.2626,371.25,0.67153,372,0.36828
2024,candidate_conservative,80,136,0.25000,-226.75,-1.6673,0.9101,871.00,0.72794,423,0.32151
2025,candidate_conservative,80,175,0.26286,729.00,4.1657,1.2265,565.50,0.73143,527,0.33207
2023,candidate_conservative,85,73,0.28767,115.75,1.5856,1.0900,239.50,0.68493,372,0.19624
2024,candidate_conservative,85,78,0.23077,-163.50,-2.0962,0.8895,645.00,0.74359,423,0.18440
2025,candidate_conservative,85,84,0.30952,946.00,11.2619,1.6573,176.75,0.67857,527,0.15939
2023,candidate_evidence_tilt,70,382,0.30890,746.50,1.9542,1.1152,840.50,0.67016,382,1.00000
2024,candidate_evidence_tilt,70,440,0.26364,-398.25,-0.9051,0.9503,1377.00,0.72045,440,1.00000
2025,candidate_evidence_tilt,70,548,0.23540,658.50,1.2016,1.0631,1082.75,0.75182,548,1.00000
2023,candidate_evidence_tilt,75,251,0.29880,469.50,1.8705,1.1082,607.00,0.68127,382,0.65707
2024,candidate_evidence_tilt,75,278,0.25540,-555.50,-1.9982,0.8919,1230.50,0.72662,440,0.63182
2025,candidate_evidence_tilt,75,346,0.23988,642.75,1.8577,1.0975,1087.00,0.75434,548,0.63139
2023,candidate_evidence_tilt,80,166,0.33133,1063.00,6.4036,1.3899,296.25,0.64458,382,0.43455
2024,candidate_evidence_tilt,80,172,0.28488,229.50,1.3343,1.0753,537.25,0.69767,440,0.39091
2025,candidate_evidence_tilt,80,221,0.27149,1139.50,5.1561,1.2830,478.50,0.72398,548,0.40328
2023,candidate_evidence_tilt,85,85,0.31765,338.00,3.9765,1.2427,176.75,0.63529,382,0.22251
2024,candidate_evidence_tilt,85,82,0.28049,149.50,1.8232,1.1027,380.25,0.69512,440,0.18636
2025,candidate_evidence_tilt,85,96,0.29167,966.50,10.0677,1.5729,174.00,0.69792,548,0.17518
2023,candidate_redundancy_reduced,70,387,0.29716,49.25,0.1273,1.0074,1078.50,0.68217,387,1.00000
2024,candidate_redundancy_reduced,70,419,0.24582,-881.00,-2.1026,0.8868,1654.25,0.73270,419,1.00000
2025,candidate_redundancy_reduced,70,536,0.22761,186.75,0.3484,1.0180,967.75,0.76493,536,1.00000
2023,candidate_redundancy_reduced,75,238,0.31092,673.50,2.8298,1.1658,695.75,0.67227,387,0.61499
2024,candidate_redundancy_reduced,75,262,0.25191,-548.50,-2.0935,0.8872,1264.50,0.72901,419,0.62530
2025,candidate_redundancy_reduced,75,329,0.24924,926.00,2.8146,1.1499,847.25,0.74164,536,0.61381
2023,candidate_redundancy_reduced,80,165,0.30909,725.50,4.3970,1.2567,345.50,0.67273,387,0.42636
2024,candidate_redundancy_reduced,80,163,0.26994,47.00,0.2883,1.0160,549.75,0.71166,419,0.38902
2025,candidate_redundancy_reduced,80,223,0.25112,617.50,2.7691,1.1478,376.50,0.74439,536,0.41604
2023,candidate_redundancy_reduced,85,92,0.30435,382.50,4.1576,1.2457,212.75,0.66304,387,0.23773
2024,candidate_redundancy_reduced,85,85,0.29412,350.75,4.1265,1.2370,359.50,0.68235,419,0.20286
2025,candidate_redundancy_reduced,85,106,0.32075,1364.75,12.8750,1.7617,178.00,0.66981,536,0.19776
