section,value,trades,win_rate,expectancy_points,expectancy_r,profit_factor,net_points,tp1_hit_rate,tp2_hit_rate,tp3_hit_rate,tp4_hit_rate,stop_rate,average_mfe,median_mfe,average_mae,median_mae,average_score,median_score,average_hold_minutes
sweep_present_vs_absent,False,185,0.3081081081081081,5.925675675675675,0.23430439198600175,1.3425513631747519,1096.25,0.5297297297297298,0.34594594594594597,0.25405405405405407,0.20540540540540542,0.6810810810810811,43.695945945945944,28.75,26.16891891891892,27.0,73.23951884103798,71.81949173451764,16.832432432432434
sweep_present_vs_absent,True,1033,0.27202323330106487,1.0418683446272992,0.04204218109010203,1.0580799222902781,1076.25,0.46079380445304935,0.324298160696999,0.21200387221684414,0.1355275895450145,0.7095837366892546,38.712245885769605,22.0,27.22894482090997,27.5,76.21775779171888,74.58351682193376,18.723136495643757
sweep_side,buy_side,455,0.23736263736263735,-1.6005494505494506,-0.06427434151299116,0.9149041832203786,-728.25,0.44835164835164837,0.2945054945054945,0.1956043956043956,0.13626373626373625,0.7450549450549451,37.26428571428571,20.25,27.318681318681318,27.5,75.9261576608507,74.0,16.545054945054947
sweep_side,sell_side,578,0.29930795847750863,3.1219723183391004,0.1257342533814643,1.1809476059162698,1804.5,0.47058823529411764,0.3477508650519031,0.22491349480968859,0.13494809688581316,0.6816608996539792,39.852076124567475,23.5,27.158304498269896,27.0,76.4473046075407,75.00653040986903,20.43771626297578
sweep_source,active_external_swing_high,128,0.2578125,2.0546875,0.07776831925178945,1.1153003068829461,263.0,0.515625,0.3046875,0.203125,0.15625,0.703125,40.037109375,27.375,27.19921875,26.875,76.00923534453517,74.54361095358334,17.59375
sweep_source,active_external_swing_low,186,0.2956989247311828,2.5336021505376345,0.10718734412731284,1.1461693548387097,471.25,0.45161290322580644,0.3333333333333333,0.22580645161290322,0.12903225806451613,0.6827956989247311,37.58467741935484,21.625,26.611559139784948,27.875,76.72527798656898,75.98158813486819,20.543010752688172
sweep_source,active_internal_swing_high,257,0.23735408560311283,-2.72568093385214,-0.10863749578140615,0.8565063757873713,-700.5,0.43190661478599224,0.2918287937743191,0.1867704280155642,0.1245136186770428,0.754863813229572,35.96206225680934,17.5,27.179961089494164,27.75,76.01392228887153,74.0,16.55252918287938
sweep_source,active_internal_swing_low,254,0.31496062992125984,6.061023622047244,0.24160598899595373,1.3618946873530795,1539.5,0.49606299212598426,0.3779527559055118,0.24015748031496062,0.15748031496062992,0.6614173228346457,42.050196850393704,26.75,25.656496062992126,27.0,76.3419656658299,74.94380617462015,20.80708661417323
sweep_source,ash,1,0.0,-25.25,-1.01,0.0,-25.25,0.0,0.0,0.0,0.0,1.0,10.5,10.5,33.75,33.75,76.52960462206536,76.52960462206536,4.0
sweep_source,asl,11,0.45454545454545453,11.113636363636363,0.42982683982683995,1.8288135593220338,122.25,0.6363636363636364,0.36363636363636365,0.18181818181818182,0.18181818181818182,0.5454545454545454,46.38636363636363,43.25,20.772727272727273,26.0,77.25753940365747,73.59130434782608,30.0
sweep_source,loh,13,0.23076923076923078,5.038461538461538,0.19765182186234836,1.2802139037433156,65.5,0.6153846153846154,0.46153846153846156,0.3076923076923077,0.23076923076923078,0.6923076923076923,51.75,35.25,23.384615384615383,25.75,75.47481133938831,74.206336834289,17.307692307692307
sweep_source,lol,19,0.15789473684210525,-13.381578947368421,-0.5448523748395379,0.36357947434292864,-254.25,0.42105263157894735,0.3684210526315789,0.10526315789473684,0.0,0.8421052631578947,34.10526315789474,21.25,30.44736842105263,27.25,76.29902557505349,74.2,16.42105263157895
sweep_source,onh,13,0.15384615384615385,-6.019230769230769,-0.24076923076923068,0.7182718271827183,-78.25,0.23076923076923078,0.23076923076923078,0.15384615384615385,0.15384615384615385,0.8461538461538461,25.923076923076923,5.5,29.173076923076923,27.0,77.96349880026615,75.8,10.307692307692308
sweep_source,onl,31,0.3225806451612903,6.266129032258065,0.2496674426338545,1.3820058997050146,194.25,0.5806451612903226,0.3548387096774194,0.2903225806451613,0.1935483870967742,0.6451612903225806,44.064516129032256,41.0,25.862903225806452,26.75,76.63611929231178,76.0,24.580645161290324
sweep_source,pdh,5,0.2,-10.2,-0.40800000000000003,0.49504950495049505,-51.0,0.6,0.2,0.2,0.0,0.8,36.45,32.75,27.65,28.25,75.04913362238094,74.4,19.8
sweep_source,pdl,8,0.125,-9.625,-0.38499999999999995,0.5643564356435643,-77.0,0.25,0.25,0.125,0.125,0.875,65.875,41.0,86.3125,48.625,78.51017167891405,74.66902532454932,6.625
sweep_source,pmh,38,0.21052631578947367,-5.309210526315789,-0.2018107242376103,0.7336633663366336,-201.75,0.34210526315789475,0.2631578947368421,0.21052631578947367,0.13157894736842105,0.7894736842105263,36.4671052631579,19.75,29.157894736842106,30.125,74.60969154729248,73.0889576368271,14.736842105263158
sweep_source,pml,69,0.2753623188405797,-2.7753623188405796,-0.11110086370955932,0.8482867894632601,-191.5,0.391304347826087,0.2753623188405797,0.18840579710144928,0.07246376811594203,0.7246376811594203,33.5036231884058,18.0,27.996376811594203,27.25,75.6734143141548,73.6875915250401,18.115942028985508
penetration_quartile,"(0.249, 2.25]",278,0.2805755395683453,1.6178057553956835,0.06326883744513942,1.091701498623713,449.75,0.45323741007194246,0.3057553956834532,0.20863309352517986,0.12949640287769784,0.697841726618705,37.18705035971223,20.25,26.359712230215827,27.0,75.97213987253924,74.91931659930029,19.942446043165468
penetration_quartile,"(2.25, 5.0]",246,0.2845528455284553,0.7967479674796748,0.032700481546078644,1.045176904460067,196.0,0.4878048780487805,0.34552845528455284,0.22764227642276422,0.12195121951219512,0.6991869918699187,39.08739837398374,23.75,26.05589430894309,27.375,75.8892637165342,74.04209605639802,21.235772357723576
penetration_quartile,"(5.0, 9.5]",261,0.3065134099616858,4.614942528735632,0.18847333119162032,1.2714978023216499,1204.5,0.4904214559386973,0.3371647509578544,0.23754789272030652,0.16475095785440613,0.6704980842911877,40.741379310344826,24.25,25.49137931034483,27.0,76.4196452229689,74.79645984650949,19.804597701149426
penetration_quartile,"(9.5, 274.5]",248,0.21370967741935484,-3.120967741935484,-0.1265928292137969,0.8404452690166976,-774.0,0.4112903225806452,0.31048387096774194,0.17338709677419356,0.125,0.7741935483870968,37.91431451612903,21.375,31.195564516129032,28.875,76.60646224523146,74.39946107368435,13.725806451612904
sweep_recency,1-2_bars,257,0.22957198443579765,-2.2159533073929962,-0.08830086128376896,0.8833768494342907,-569.5,0.46303501945525294,0.3035019455252918,0.20233463035019456,0.12062256809338522,0.7509727626459144,37.47276264591439,21.5,28.28307392996109,27.75,75.82462177196822,74.0,17.377431906614785
sweep_recency,3-5_bars,257,0.311284046692607,2.5262645914396886,0.10398387806913811,1.1461698654809478,649.25,0.47470817120622566,0.33852140077821014,0.2178988326848249,0.14396887159533073,0.6809338521400778,39.5136186770428,23.0,25.797665369649806,27.0,76.65268550079723,75.03746659479052,19.15953307392996
sweep_recency,6-9_bars,260,0.27307692307692305,1.664423076923077,0.06514921751576541,1.0935574532482975,432.75,0.4230769230769231,0.3038461538461538,0.21153846153846154,0.13076923076923078,0.7038461538461539,37.06442307692308,19.75,28.23173076923077,27.5,76.31278257156116,74.86263670291576,19.253846153846155
sweep_recency,same_bar,259,0.27413127413127414,2.1766409266409266,0.08671907798508308,1.123089519650655,563.75,0.4826254826254826,0.35135135135135137,0.21621621621621623,0.14671814671814673,0.7027027027027027,40.8011583011583,24.75,26.596525096525095,27.25,76.08089714725479,74.1926376280503,19.092664092664094
sweep_then_displacement,False,264,0.23863636363636365,-4.296401515151516,-0.1711593981820101,0.7696135682729904,-1134.25,0.3939393939393939,0.2765151515151515,0.1893939393939394,0.09090909090909091,0.7386363636363636,33.54829545454545,18.125,27.086174242424242,27.75,74.87372956257981,73.30108651396691,18.84090909090909
sweep_then_displacement,True,769,0.2834850455136541,2.8745123537061117,0.11523492091823932,1.1624501644344007,2210.5,0.4837451235370611,0.34070221066319895,0.21976592977893367,0.1508452535760728,0.6996098829648895,40.48504551365409,24.25,27.277958387516254,27.25,76.67916670263268,75.00653040986903,18.682704811443433
sweep_then_mss,False,569,0.2583479789103691,-0.7763620386643234,-0.03150164723946996,0.9572889221918736,-441.75,0.45518453427065025,0.30755711775043937,0.19332161687170474,0.11775043936731107,0.7170474516695958,37.83699472759227,22.0,27.62609841827768,27.25,74.97817960203501,73.52997193067395,19.014059753954307
sweep_then_mss,True,464,0.28879310344827586,3.271551724137931,0.1322284705718401,1.1853989191169736,1518.0,0.4676724137931034,0.3448275862068966,0.2349137931034483,0.15732758620689655,0.7004310344827587,39.78556034482759,22.125,26.741918103448278,27.5,77.73784397691311,77.10182854650276,18.36637931034483
sweep_then_choch,False,569,0.2583479789103691,-0.7763620386643234,-0.03150164723946996,0.9572889221918736,-441.75,0.45518453427065025,0.30755711775043937,0.19332161687170474,0.11775043936731107,0.7170474516695958,37.83699472759227,22.0,27.62609841827768,27.25,74.97817960203501,73.52997193067395,19.014059753954307
sweep_then_choch,True,464,0.28879310344827586,3.271551724137931,0.1322284705718401,1.1853989191169736,1518.0,0.4676724137931034,0.3448275862068966,0.2349137931034483,0.15732758620689655,0.7004310344827587,39.78556034482759,22.125,26.741918103448278,27.5,77.73784397691311,77.10182854650276,18.36637931034483
sweep_then_bos,False,781,0.2727272727272727,0.9308578745198464,0.038456946832491894,1.0519972821228052,727.0,0.4647887323943662,0.32522407170294493,0.21382842509603073,0.1357234314980794,0.708066581306018,38.73175416133163,22.25,27.566581306017927,27.75,75.78978729108239,74.0,19.00256081946223
sweep_then_bos,True,252,0.2698412698412698,1.3859126984126984,0.053153561864679476,1.0767751154099803,349.25,0.44841269841269843,0.32142857142857145,0.20634920634920634,0.1349206349206349,0.7142857142857143,38.651785714285715,21.5,26.182539682539684,27.0,77.54412668456456,78.0,17.857142857142858
sweep_then_fvg,False,588,0.27380952380952384,1.5191326530612246,0.061098714528517284,1.0853579875295636,893.25,0.477891156462585,0.3333333333333333,0.21258503401360543,0.141156462585034,0.7040816326530612,39.213010204081634,22.75,26.65858843537415,27.5,75.79022523767581,74.0,18.91156462585034
sweep_then_fvg,True,445,0.2696629213483146,0.41123595505617977,0.016861862749005006,1.0226885286551157,183.0,0.43820224719101125,0.31235955056179776,0.21123595505617979,0.12808988764044943,0.7168539325842697,38.050561797752806,21.0,27.982584269662922,27.25,76.7826772114432,75.2880673524868,18.474157303370788
year_2023,False,46,0.32608695652173914,3.760869565217391,0.14581978359393447,1.222508038585209,173.0,0.4782608695652174,0.30434782608695654,0.1956521739130435,0.15217391304347827,0.6739130434782609,39.17391304347826,23.0,24.35326086956522,26.75,72.90025524685676,71.73182261669449,24.73913043478261
year_2023,True,298,0.3221476510067114,2.785234899328859,0.11282600778132931,1.167423096318709,830.0,0.5201342281879194,0.3523489932885906,0.21476510067114093,0.11409395973154363,0.6577181208053692,39.81375838926174,28.25,24.482382550335572,26.5,76.13166289562929,74.57530971506215,23.553691275167786
year_2024,False,60,0.36666666666666664,9.879166666666666,0.3909836523125998,1.627580730545262,592.75,0.5,0.35,0.3,0.23333333333333334,0.6166666666666667,43.18333333333333,22.375,24.604166666666668,25.625,73.59163953065321,71.85233676782215,18.166666666666668
year_2024,True,328,0.25609756097560976,-1.6051829268292683,-0.0627285107257421,0.9123960066555741,-526.5,0.4329268292682927,0.3018292682926829,0.19207317073170732,0.10670731707317073,0.7225609756097561,35.80487804878049,20.5,25.960365853658537,27.125,76.22860475088137,74.54179357279497,20.713414634146343
year_2025,False,79,0.25316455696202533,4.1835443037974684,0.1668301687763714,1.223575173346863,330.5,0.5822784810126582,0.3670886075949367,0.25316455696202533,0.21518987341772153,0.7341772151898734,46.71835443037975,35.75,28.414556962025316,30.25,73.16963129616988,71.75193253480862,11.215189873417721
year_2025,True,407,0.24815724815724816,1.8986486486486487,0.07464956821936768,1.102175062805765,772.75,0.4398034398034398,0.32186732186732187,0.22604422604422605,0.17444717444717445,0.7371007371007371,40.2487714987715,21.25,30.262285012285012,28.75,76.27205380260195,74.60436599443038,13.582309582309582
direction_long,False,75,0.29333333333333333,1.5066666666666666,0.056223560838197954,1.08558985040712,113.0,0.5066666666666667,0.29333333333333333,0.21333333333333335,0.16,0.6933333333333334,39.52333333333333,25.25,28.41,27.75,73.53901794823017,72.06492515678167,18.76
direction_long,True,578,0.29930795847750863,3.1219723183391004,0.1257342533814643,1.1809476059162698,1804.5,0.47058823529411764,0.3477508650519031,0.22491349480968859,0.13494809688581316,0.6816608996539792,39.852076124567475,23.5,27.158304498269896,27.0,76.4473046075407,75.00653040986903,20.43771626297578
direction_short,False,110,0.3181818181818182,8.938636363636364,0.35572314049586795,1.523005319148936,983.25,0.5454545454545454,0.38181818181818183,0.2818181818181818,0.23636363636363636,0.6727272727272727,46.54090909090909,35.5,24.64090909090909,26.5,73.03531490431602,71.69589033409471,15.518181818181818
direction_short,True,455,0.23736263736263735,-1.6005494505494506,-0.06427434151299116,0.9149041832203786,-728.25,0.44835164835164837,0.2945054945054945,0.1956043956043956,0.13626373626373625,0.7450549450549451,37.26428571428571,20.25,27.318681318681318,27.5,75.9261576608507,74.0,16.545054945054947
family_reversal,True,1033,0.27202323330106487,1.0418683446272992,0.04204218109010203,1.0580799222902781,1076.25,0.46079380445304935,0.324298160696999,0.21200387221684414,0.1355275895450145,0.7095837366892546,38.712245885769605,22.0,27.22894482090997,27.5,76.21775779171888,74.58351682193376,18.723136495643757
family_continuation,False,185,0.3081081081081081,5.925675675675675,0.23430439198600175,1.3425513631747519,1096.25,0.5297297297297298,0.34594594594594597,0.25405405405405407,0.20540540540540542,0.6810810810810811,43.695945945945944,28.75,26.16891891891892,27.0,73.23951884103798,71.81949173451764,16.832432432432434
score_band_70-79,False,160,0.3,4.3578125,0.1711644532338144,1.2493518104604382,697.25,0.525,0.34375,0.24375,0.19375,0.6875,43.1296875,28.375,26.5046875,27.375,72.04213446425452,71.49479308803595,16.61875
score_band_70-79,True,798,0.2719298245614035,0.1137218045112782,0.0054369318977860485,1.0063586042600896,90.75,0.462406015037594,0.3182957393483709,0.20551378446115287,0.11904761904761904,0.706766917293233,38.447055137844615,22.25,26.979323308270676,27.5,73.73380342520841,73.15217584303844,19.533834586466167
score_band_80-89,False,25,0.36,15.96,0.6384000000000001,1.9876237623762376,399.0,0.56,0.36,0.32,0.28,0.64,47.32,41.75,24.02,26.0,80.90277885245219,80.7014248377034,18.2
score_band_80-89,True,214,0.2616822429906542,3.260514018691589,0.1288827168768323,1.1775332357992494,697.75,0.4439252336448598,0.32710280373831774,0.22897196261682243,0.18691588785046728,0.7289719626168224,38.324766355140184,18.75,27.912383177570092,27.0,83.75762028234783,83.599318225134,15.85981308411215
score_band_90-100,True,21,0.38095238095238093,13.702380952380953,0.5480952380952382,1.8766184310738767,287.75,0.5714285714285714,0.5238095238095238,0.2857142857142857,0.23809523809523808,0.6190476190476191,52.73809523809524,54.75,29.75,26.75,93.77323452889799,93.79766691105944,17.095238095238095
